discipline;category;rank;firstname;lastname;country;yob;Qualification 1 score;Qualification 1 rank;Qualification 2 score;Qualification 2 rank;Qualification score;Qualification rank;Semi-Final score;Semi-Final rank;Final score;Final rank
lead;Men;1;Jakob;Schubert;AUT;1990;38;1;38+;3;1.73;2;39+;3;47+;1
lead;Men;2;Stefano;Ghisolfi;ITA;1993;37;3;35;6;5.1;4;31+;8;47;2
lead;Men;3;Sascha;Lehmann;SUI;1998;34+;8;31+;14;11.62;8;39+;4;38+;3
lead;Men;4;Masahiro;Higuchi;JPN;1992;37;3;11;89;18.97;16;34+;7;38+;4
lead;Men;5;Alberto;Ginés López;ESP;2002;32;16;34+;8;12.33;11;41+;2;37+;5
lead;Men;6;Alexander;Megos;GER;1993;37;3;39+;2;2.83;3;38+;6;37+;6
lead;Men;7;Luka;Potocar;SLO;2001;32+;13;23;34;21.82;21;39+;5;27+;7
lead;Men;8;Adam;Ondra;CZE;1993;37+;2;TOP;1;1.41;1;42+;1;17;8
lead;Men;9;Tomoa;Narasaki;JPN;1996;34+;8;34+;8;9.25;7;31+;9;;
lead;Men;10;Ao;YURIKUSA;JPN;2002;34+;8;31+;14;11.62;8;31+;10;;
lead;Men;11;Kokoro;Fujii;JPN;1992;33;11;34;12;11.75;10;31+;11;;
lead;Men;12;Martin;Stranik;CZE;1990;24+;32;35;6;16.42;13;31;12;;
lead;Men;13;Martin;Bergant;SLO;1996;32+;13;29;23;18.52;15;30+;13;;
lead;Men;14;Hannes;Puman;SWE;1997;24+;32;29+;19;29.17;24;30;14;;
lead;Men;15;Peter;Kuric;SVK;2001;31;18;29;23;21.58;20;27+;15;;
lead;Men;16;Anthony;Gullsten;FIN;1991;24+;32;32+;13;23.23;22;27+;16;;
lead;Men;17;Domen;Skofic;SLO;1994;35+;6;37;4;5.1;4;27;17;;
lead;Men;18;Nicolas;Collin;BEL;1998;31;18;30+;17;18.23;14;26+;18;;
lead;Men;19;Paul;Jenft;FRA;2003;24+;32;34+;8;19.86;18;26;19;;
lead;Men;20;Satone;YOSHIDA;JPN;2004;33;11;31+;14;13.13;12;25+;20;;
lead;Men;21;Colin;Duffy;USA;2003;35+;6;35+;5;5.7;6;25;21;;
lead;Men;22;Christoph;Hanke;GER;1994;32+;13;18+;42;27.87;23;25;22;;
lead;Men;23;Dylan;Chuat;SUI;2000;24+;32;29+;19;29.17;24;25;23;;
lead;Men;24;Kai;Harada;JPN;1999;31;18;29+;19;19.74;17;24;24;;
lead;Men;25;Marcello;Bombardi;ITA;1993;24+;32;34+;8;19.86;18;21+;25;;
lead;Men;26;Victor;Baudrand;CAN;2003;24+;32;29+;19;29.17;24;5+;26;;
lead;Men;27;Ross;Fulkerson;USA;2001;24;52;30+;17;31.02;27;;;;
lead;Men;28;Mikel Asier;Linacisoro Molina;ESP;2000;24+;32;29;23;31.89;28;;;;
lead;Men;29;Fedir;Samoilov;UKR;1997;26;29;21+;35;32.13;29;;;;
lead;Men;30;Ziga;Zajc;SLO;2001;24+;32;25+;28;34.09;30;;;;
lead;Men;31;Oscar;Baudrand;CAN;2005;25;31;20+;37;34.32;31;;;;
lead;Men;32;Nimrod;Marcus;ISR;1999;30+;21;18+;42;34.94;32;;;;
lead;Men;32;Vladislav;Shevchenko;RUS;1998;30+;21;18+;42;34.94;32;;;;
lead;Men;34;Mathias;Posch;AUT;1999;31+;17;18;70;35.11;34;;;;
lead;Men;35;Michael;Piccolruaz;ITA;1995;24+;32;24+;30;35.87;35;;;;
lead;Men;35;Gergő;Vályi ;HUN;2004;24+;32;24+;30;35.87;35;;;;
lead;Men;35;Adrien;Lemaire;FRA;1999;24+;32;24+;30;35.87;35;;;;
lead;Men;38;Rishat;Khaibullin;KAZ;1995;29+;24;18+;42;36.5;38;;;;
lead;Men;39;Timothy;Kang;USA;1999;24;52;29;23;36.71;39;;;;
lead;Men;40;Ellis;Ernsberger;USA;2003;28+;26;18+;42;37.99;40;;;;
lead;Men;41;Sohta;Amagasa;JPN;2000;24;52;26+;27;38.54;41;;;;
lead;Men;42;Dimitri;Vogt;SUI;1997;28;27;18+;42;38.71;42;;;;
lead;Men;43;Philipp;Martin;GER;1994;27;28;18+;42;39.42;43;;;;
lead;Men;44;Filip;Schenk;ITA;2000;24+;32;20+;37;39.71;44;;;;
lead;Men;45;Nathaniel;Coleman;USA;1997;30+;21;16+;76;41.42;45;;;;
lead;Men;46;Marek;Jeliga;CZE;2003;24;52;23+;33;42.6;46;;;;
lead;Men;47;Mark;Brand;NED;1998;19;67;25;29;44.41;47;;;;
lead;Men;48;Milan;Preskar;SLO;1996;24+;32;18+;42;47.99;48;;;;
lead;Men;48;Stefan;Scherz;AUT;2001;24+;32;18+;42;47.99;48;;;;
lead;Men;48;Dmitrii;Popov;RUS;1997;24+;32;18+;42;47.99;48;;;;
lead;Men;48;Jongwon;CHON;KOR;1996;24+;32;18+;42;47.99;48;;;;
lead;Men;52;Giovanni;Placci;ITA;2001;29;25;10+;92;48.22;52;;;;
lead;Men;53;Vadim;Timonov;RUS;1992;19+;66;21;36;48.74;53;;;;
lead;Men;54;Fredrik;Serlachius;SWE;1998;20+;64;19;41;51.42;54;;;;
lead;Men;55;Nao;Monchois;FRA;1998;26;29;11;89;51.53;55;;;;
lead;Men;56;Leto;Cavé;NED;2002;16+;70;20+;37;54.79;56;;;;
lead;Men;57;Yuval;Shemla;ISR;1998;24+;32;18;70;54.85;57;;;;
lead;Men;57;Sebastian;Halenke;GER;1995;24+;32;18;70;54.85;57;;;;
lead;Men;59;Tomas;Plevko;SVK;1999;24;52;18+;42;55.25;59;;;;
lead;Men;59;Edvards;Gruzitis;LAT;2004;24;52;18+;42;55.25;59;;;;
lead;Men;61;Simon;Potucek;CZE;2001;16+;70;19+;40;56.21;61;;;;
lead;Men;62;Nimród Sebestyén;Tusnády ;HUN;2004;23;60;18+;42;57.71;62;;;;
lead;Men;63;Attila Zsombor;Radics;HUN;2004;22+;61;18+;42;58.19;63;;;;
lead;Men;64;Louis;Gundolf;AUT;2001;22;62;18+;42;58.9;64;;;;
lead;Men;65;Jonas;Brandenburger;GER;2001;20+;64;18+;42;59.83;65;;;;
lead;Men;66;Julian;Wimmer;AUT;2005;19;67;18+;42;61.43;66;;;;
lead;Men;66;Fabian;Förander;SWE;1998;19;67;18+;42;61.43;66;;;;
lead;Men;68;Georg;Parma;AUT;1997;24+;32;0;99;64.1;68;;;;
lead;Men;69;Simon;Lorenzi;BEL;1997;23+;59;18;70;65.4;69;;;;
lead;Men;70;Jakub;Zietek;POL;2002;16+;70;18+;42;66.22;70;;;;
lead;Men;70;Bence;Fuksz;HUN;2004;16+;70;18+;42;66.22;70;;;;
lead;Men;70;Lluc;Macià Llobet;ESP;2004;16+;70;18+;42;66.22;70;;;;
lead;Men;70;Jakub;Fábric;SVK;2003;16+;70;18+;42;66.22;70;;;;
lead;Men;70;Axel;Lindfors;FIN;1991;16+;70;18+;42;66.22;70;;;;
lead;Men;70;Benjamin;Haidacher;AUT;2004;16+;70;18+;42;66.22;70;;;;
lead;Men;70;Julien;Clémence;SUI;2001;16+;70;18+;42;66.22;70;;;;
lead;Men;70;Philipp;Göthert;GER;2001;16+;70;18+;42;66.22;70;;;;
lead;Men;78;Stepan;Potucek;CZE;2001;22;62;16+;76;69.82;78;;;;
lead;Men;79;Johannes;Hofherr;AUT;2002;14;91;18+;42;71.26;79;;;;
lead;Men;80;Shuta;Tanaka;JPN;2000;24;52;10+;92;71.52;80;;;;
lead;Men;81;Christian;Wagner;CHI;2002;16+;70;18;70;75.68;81;;;;
lead;Men;81;Illia;Bakhmet-Smolenskyi;UKR;2005;16+;70;18;70;75.68;81;;;;
lead;Men;83;Matthaios;VALSAMIDIS;GRE;1999;16+;70;16+;76;78.5;83;;;;
lead;Men;83;Roman;Batsenko;UKR;1995;16+;70;16+;76;78.5;83;;;;
lead;Men;83;Geva;Levin;ISR;2003;16+;70;16+;76;78.5;83;;;;
lead;Men;86;Samuel;Stefanik;SVK;2003;16+;70;16;81;80.24;86;;;;
lead;Men;87;Love  Ymer;Alber;SWE;2000;16+;70;15+;83;80.98;87;;;;
lead;Men;88;Filip;Hromada;SVK;2004;16+;70;12;88;83.38;88;;;;
lead;Men;89;Emil;Abrahamsson;SWE;1996;16+;70;11;89;84.32;89;;;;
lead;Men;90;Roman;Sivakov;LTU;2003;15+;89;16;81;85.17;90;;;;
lead;Men;91;Yotam;Ben reuven;ISR;2001;13;93;13+;84;88.91;91;;;;
lead;Men;92;Ludovico;Fossali;ITA;1997;14;91;13;87;89.22;92;;;;
lead;Men;93;Vilks;Kaspars;LAT;1991;11;94;13+;84;89.39;93;;;;
lead;Men;94;Theofanis-Ermis;THEOCHAROPOULOS;GRE;2000;9+;97;13+;84;91.04;94;;;;
lead;Men;95;Victor;SEBROS;GRE;1995;15;90;10;95;92.71;95;;;;
lead;Men;96;Orfeas;TSIAOUSIS;GRE;1999;9+;97;10+;92;95.22;96;;;;
lead;Men;97;Mikael;Suihkonen;FIN;2003;10;96;10;95;95.75;97;;;;
lead;Men;98;Bohdan;Botnar;UKR;2001;10+;95;8;98;96.49;98;;;;
lead;Men;99;Leonid;Osadchyi;UKR;2001;4;99;9;97;97.99;99;;;;
lead;Men;;Ilmari;Piiroinen;FIN;2003;DNS;;DNS;;DNS;;;;;
lead;Men;;Tamás;Farkas;HUN;1994;DNS;;DNS;;DNS;;;;;
lead;Women;1;Janja;Garnbret;SLO;1999;TOP;1;TOP;1;1.41;1;42+;1;TOP;1
lead;Women;2;Brooke;Raboutou;USA;2001;39+;4;TOP;1;2.83;3;36.5+;3;40;2
lead;Women;3;Akiyo;Noguchi;JPN;1989;31;11;35+;4;7.5;6;32+;7;33+;3
lead;Women;4;Viktoriia;Meshkova;RUS;2000;31+;7;33+;10;10.91;10;35;6;22+;4
lead;Women;5;Miho;Nonaka;JPN;1997;31;11;33+;10;13.23;13;32;8;22+;5
lead;Women;6;Vita;Lukan;SLO;2000;41;3;34;7;4.9;4;35+;5;19+;6
lead;Women;7;Laura;Rogora;ITA;2001;46+;2;TOP;1;2.0;2;42;2;13+;7
lead;Women;8;Lucka;Rakovec;SLO;2001;33;5;34;7;6.32;5;36.5+;4;13+;8
lead;Women;9;Futaba;Ito;JPN;2002;25;27;33+;10;19.62;18;31+;9;;
lead;Women;10;Julia;Chanourdie;FRA;1996;28+;23;34+;6;11.75;12;30+;10;;
lead;Women;11;Mia;Krampl;SLO;2000;30+;15;33+;10;14.73;16;30+;11;;
lead;Women;12;Eliska;Adamovska;CZE;2001;31+;7;26+;27;16.36;17;30+;12;;
lead;Women;13;Momoko;ABE;JPN;2003;31;11;33+;10;13.23;13;29+;13;;
lead;Women;14;Heloïse;Doumont;BEL;1998;31+;7;34;7;8.25;7;26+;14;;
lead;Women;15;Anne-Sophie;Koller;SUI;1996;31+;7;33+;10;10.91;10;26+;15;;
lead;Women;16;Lana;Skusek;SLO;2000;31;11;33+;10;13.23;13;26+;16;;
lead;Women;17;Salomé;Romain;FRA;1996;28;24;27+;22;24.0;23;26+;17;;
lead;Women;18;Aleksandra;Totkova;BUL;2005;32+;6;33+;10;9.17;8;24+;18;;
lead;Women;19;Manon;Hily;FRA;1994;29+;18;27+;22;21.63;20;24+;19;;
lead;Women;20;Claudia;Ghisolfi;ITA;1996;26+;25;27+;22;24.74;24;24+;20;;
lead;Women;21;Kyra;Condie;USA;1996;30+;15;26+;27;22.1;21;23+;21;;
lead;Women;22;Eva Maria;Hammelmüller;AUT;2000;30;17;26+;27;23.14;22;23;22;;
lead;Women;23;Giorgia;Tesio;ITA;2000;23+;32;32+;19;25.79;25;23;23;;
lead;Women;24;Julia;Fiser;AUT;1997;29;22;30+;20;21.24;19;20;24;;
lead;Women;25;Natalia;Grossman;USA;2001;29+;18;35+;4;9.37;9;18+;25;;
lead;Women;26;Tjasa;Slemensek;SLO;1999;21;48;33+;10;26.06;26;15+;26;;
lead;Women;27;Maya;Madere;USA;1999;29+;18;26;37;26.86;27;;;;
lead;Women;28;Miu;KAKIZAKI;JPN;2003;23+;32;27+;22;28.98;28;;;;
lead;Women;29;Lynn;van der Meer;NED;1999;22+;39;30+;20;29.52;29;;;;
lead;Women;30;Ekaterina;Kipriianova;RUS;1989;24;30;26+;27;31.0;30;;;;
lead;Women;31;Tina Johnsen;Hafsaas;NOR;1994;22+;39;27+;22;31.94;31;;;;
lead;Women;32;Nina;Arthaud;FRA;2000;29+;18;22;52;32.3;32;;;;
lead;Women;33;Ariane;Franken;AUT;2005;23+;32;26+;27;33.2;33;;;;
lead;Women;33;Lucie;Watillon;BEL;2003;23+;32;26+;27;33.2;33;;;;
lead;Women;33;Anna;Zaikina;RUS;1993;23+;32;26+;27;33.2;33;;;;
lead;Women;36;Michelle;Hulliger;SUI;1999;25;27;24+;39;34.19;36;;;;
lead;Women;37;Käthe;Atkins;GER;2001;24;30;24+;39;36.0;37;;;;
lead;Women;38;Petra;Klingler;SUI;1992;26+;25;22;52;36.94;38;;;;
lead;Women;39;Luisa;Flohé;GER;2001;21+;47;26+;27;38.48;39;;;;
lead;Women;40;Maya;Dreamer;ISR;2001;22+;39;25;38;40.19;40;;;;
lead;Women;41;Julia;Duffy;USA;2004;20;58;26+;27;42.74;41;;;;
lead;Women;42;Emilia;Warenski;AUT;2004;24+;29;12+;60;43.91;42;;;;
lead;Women;43;Jana;Rauth;AUT;2002;23+;32;21;58;45.06;43;;;;
lead;Women;44;Roxana;Wienand;GER;2000;19;64;26+;27;45.6;44;;;;
lead;Women;45;Hannah;Schubert;AUT;1997;22+;39;22+;47;45.63;45;;;;
lead;Women;45;Valeri;Kremer;ISR;1991;22+;39;22+;47;45.63;45;;;;
lead;Women;47;Ayala;Kerem;ISR;2001;20+;50;24+;39;47.68;47;;;;
lead;Women;47;Michaela;Smetanova;CZE;2003;22+;39;22;52;47.68;47;;;;
lead;Women;47;Aida;Torres Illamola;ESP;2002;20+;50;24+;39;47.68;47;;;;
lead;Women;47;Iziar;Martínez Almendros;ESP;2005;20+;50;24+;39;47.68;47;;;;
lead;Women;51;Sunniva;Øvre-Eide;NOR;2004;23+;32;12+;60;48.24;51;;;;
lead;Women;52;Valentina;Aguado;ARG;2001;19+;59;24+;39;50.92;52;;;;
lead;Women;52;Annika;Stöckl;AUT;2005;19+;59;24+;39;50.92;52;;;;
lead;Women;52;Irina;Kuzmenko;RUS;1995;19+;59;24+;39;50.92;52;;;;
lead;Women;55;Bianca;Magalhaes de Castro ;BRA;1988;20+;50;22+;47;51.2;55;;;;
lead;Women;56;Ingrid;Kindlihagen;NOR;2002;22+;39;12+;60;53.16;56;;;;
lead;Women;56;Elza Elizabete;Baraka;LAT;2001;22+;39;12+;60;53.16;56;;;;
lead;Women;58;Alejandra;Contreras;CHI;2000;20+;50;21+;56;54.98;58;;;;
lead;Women;58;Naama;Yohai;ISR;2000;20+;50;21+;56;54.98;58;;;;
lead;Women;60;Ignacia;Mellado Quinteros;CHI;2002;21;48;12+;60;56.79;60;;;;
lead;Women;61;Laura;Loikas;FIN;2002;19;64;22+;47;56.87;61;;;;
lead;Women;62;Tereza;Siruckova;CZE;2003;15+;71;22+;47;58.98;62;;;;
lead;Women;63;Katherine;Choong;SUI;1992;19;64;22;52;59.42;63;;;;
lead;Women;64;Martina;Demmel;GER;2001;20+;50;12+;60;59.65;64;;;;
lead;Women;65;Aleksandra;Kalucka;POL;2001;19;64;20;59;62.4;65;;;;
lead;Women;66;Katrin;Amann;SWE;1995;20+;50;12;74;62.92;66;;;;
lead;Women;67;Rut;Monsech Gasca;ESP;2002;19+;59;12+;60;63.69;67;;;;
lead;Women;67;Bianka;Janecka;POL;2003;19+;59;12+;60;63.69;67;;;;
lead;Women;69;Elizabeth;Sepulveda;PUR;2002;19;64;12+;60;66.25;69;;;;
lead;Women;70;Edel;Lemvik;NOR;2004;18+;69;12+;60;67.74;70;;;;
lead;Women;71;Vanda;Michalkova;SVK;2002;17;70;12+;60;68.23;71;;;;
lead;Women;72;Alexandra;Gullberg;SWE;2001;14+;72;12+;60;69.2;72;;;;
lead;Women;73;Evdoxia-Aikaterini;KALLIA;GRE;2002;12+;73;12+;60;69.91;73;;;;
lead;Women;74;Anastasija;Teriochina;LTU;1987;12;75;12+;60;70.62;74;;;;
lead;Women;75;Arta;Matelsone;LAT;1997;12+;73;11;75;74.25;75;;;;
boulder;Men;1;Yoshiyuki;Ogata;JPN;1998;;;;;5T5z 8 6;1;3T4z 5 4;3;2T2z 7 7;1
boulder;Men;2;Tomoa;Narasaki;JPN;1996;;;;;3T5z 6 7;3;3T4z 4 6;2;1T3z 2 11;2
boulder;Men;3;Kokoro;Fujii;JPN;1992;;;;;5T5z 11 8;3;4T4z 8 4;1;1T1z 2 2;3
boulder;Men;4;Nicolai;Uznik;AUT;2000;;;;;2T5z 4 7;9;3T4z 8 11;5;1T1z 2 2;4
boulder;Men;5;Simon;Lorenzi;BEL;1997;;;;;2T5z 6 7;17;3T3z 8 5;6;1T1z 10 10;5
boulder;Men;6;Nathaniel;Coleman;USA;1997;;;;;2T5z 2 10;19;3T4z 5 9;4;0T1z 0 2;6
boulder;Men;7;Aleksey;Rubtsov;RUS;1988;;;;;3T5z 9 7;11;3T3z 11 9;7;;
boulder;Men;8;Jongwon;CHON;KOR;1996;;;;;5T5z 17 12;6;2T4z 2 5;8;;
boulder;Men;9;Colin;Duffy;USA;2003;;;;;2T5z 5 8;15;2T4z 4 5;9;;
boulder;Men;10;Rei;Sugimoto;JPN;1991;;;;;4T5z 18 17;9;2T4z 5 4;10;;
boulder;Men;11;Yannick;Flohé;GER;1999;;;;;3T4z 8 11;17;2T4z 5 6;11;;
boulder;Men;12;Alexander;Megos;GER;1993;;;;;2T5z 6 8;19;2T4z 6 9;12;;
boulder;Men;13;Kai;Harada;JPN;1999;;;;;4T5z 13 11;7;2T3z 2 5;13;;
boulder;Men;14;Jakob;Schubert;AUT;1990;;;;;3T5z 6 6;1;2T3z 5 6;14;;
boulder;Men;15;Sohta;Amagasa;JPN;2000;;;;;3T5z 6 7;3;1T4z 1 6;15;;
boulder;Men;16;Tomoaki;Takata;JPN;1995;;;;;3T5z 17 17;15;1T4z 2 12;16;;
boulder;Men;17;Anze;Peharc;SLO;1997;;;;;3T5z 13 11;13;1T4z 4 13;17;;
boulder;Men;18;Mickael;Mawem;FRA;1990;;;;;2T5z 3 5;7;1T4z 5 6;18;;
boulder;Men;19;Jan;Hojer;GER;1992;;;;;2T5z 4 9;11;1T3z 2 4;19;;
boulder;Men;20;Mejdi;Schalck;FRA;2004;;;;;2T5z 4 10;13;1T3z 6 5;20;;
boulder;Men;21;Zan;Lovenjak Sudar;SLO;1998;;;;;2T4z 6 7;21;;;;
boulder;Men;21;Anthony;Gullsten;FIN;1991;;;;;2T5z 4 12;21;;;;
boulder;Men;23;Gregor;Vezonik;SLO;1995;;;;;2T5z 6 8;23;;;;
boulder;Men;23;Matic;Kotar;SLO;1999;;;;;2T4z 8 9;23;;;;
boulder;Men;25;Alex;Khazanov;ISR;1995;;;;;2T5z 7 18;25;;;;
boulder;Men;25;Ao;YURIKUSA;JPN;2002;;;;;1T5z 2 11;25;;;;
boulder;Men;27;Jan-Luca;Posch;AUT;1998;;;;;1T5z 3 10;27;;;;
boulder;Men;27;Edvards;Gruzitis;LAT;2004;;;;;1T5z 2 6;27;;;;
boulder;Men;29;Ross;Fulkerson;USA;2001;;;;;1T5z 6 13;29;;;;
boulder;Men;29;Sergei;Luzhetskii;RUS;1995;;;;;1T5z 3 8;29;;;;
boulder;Men;31;Michael;Piccolruaz;ITA;1995;;;;;1T4z 2 11;31;;;;
boulder;Men;31;Sergei;Skorodumov;RUS;1996;;;;;1T5z 3 11;31;;;;
boulder;Men;33;Elias;Arriagada Krüger;GER;2000;;;;;1T4z 3 11;33;;;;
boulder;Men;33;Vadim;Timonov;RUS;1992;;;;;1T5z 4 15;33;;;;
boulder;Men;35;Keita;Watabe;JPN;1993;;;;;1T4z 5 9;35;;;;
boulder;Men;35;Don;van Laere;NED;1999;;;;;1T4z 1 7;35;;;;
boulder;Men;37;Manuel;Cornu;FRA;1993;;;;;0T5z 0 10;37;;;;
boulder;Men;37;Emilien;Casado;FRA;2001;;;;;1T4z 4 12;37;;;;
boulder;Men;39;Nimrod;Marcus;ISR;1999;;;;;0T4z 0 7;39;;;;
boulder;Men;39;Benjamin;Hanna;USA;1998;;;;;1T4z 6 12;39;;;;
boulder;Men;41;Alberto;Ginés López;ESP;2002;;;;;0T5z 0 9;41;;;;
boulder;Men;41;Mikel Asier;Linacisoro Molina;ESP;2000;;;;;0T4z 0 8;41;;;;
boulder;Men;43;Christoph;Schweiger;GER;2001;;;;;0T5z 0 10;43;;;;
boulder;Men;43;Stephan;Rest;AUT;2001;;;;;0T4z 0 12;43;;;;
boulder;Men;45;Nicolas;Collin;BEL;1998;;;;;0T5z 0 16;45;;;;
boulder;Men;45;Max;Kleesattel;GER;1998;;;;;0T3z 0 3;45;;;;
boulder;Men;47;Sean;Bailey;USA;1996;;;;;0T3z 0 5;47;;;;
boulder;Men;47;Nikolai;Iarilovets;RUS;1999;;;;;0T5z 0 17;47;;;;
boulder;Men;47;Geva;Levin;ISR;2003;;;;;0T5z 0 17;47;;;;
boulder;Men;50;Dylan;Chuat;SUI;2000;;;;;0T3z 0 6;50;;;;
boulder;Men;51;Jernej;Kruder;SLO;1990;;;;;0T4z 0 8;51;;;;
boulder;Men;51;Attila Zsombor;Radics;HUN;2004;;;;;0T3z 0 8;51;;;;
boulder;Men;51;Lawrence;Bogeschdorfer;AUT;2002;;;;;0T3z 0 8;51;;;;
boulder;Men;54;Pietro;Biagini;ITA;2000;;;;;0T4z 0 11;54;;;;
boulder;Men;55;Fredrik;Serlachius;SWE;1998;;;;;0T4z 0 13;55;;;;
boulder;Men;55;Philipp;Geisenhoff;SUI;2000;;;;;0T3z 0 10;55;;;;
boulder;Men;57;Alejandro;Crespo Cobos;ESP;1998;;;;;0T4z 0 15;57;;;;
boulder;Men;57;Leto;Cavé;NED;2002;;;;;0T3z 0 14;57;;;;
boulder;Men;59;Fedir;Samoilov;UKR;1997;;;;;0T4z 0 17;59;;;;
boulder;Men;59;Ádám;Bakurecz;HUN;2001;;;;;0T3z 0 21;59;;;;
boulder;Men;61;Hannes;Puman;SWE;1997;;;;;0T2z 0 5;61;;;;
boulder;Men;61;Ram;Levin;ISR;1998;;;;;0T3z 0 4;61;;;;
boulder;Men;63;Yuval;Shemla;ISR;1998;;;;;0T3z 0 6;63;;;;
boulder;Men;63;Theis Lindegren;Elfenbein;DEN;1997;;;;;0T3z 0 6;63;;;;
boulder;Men;63;Soma;Strommer;HUN;1999;;;;;0T2z 0 6;63;;;;
boulder;Men;63;Rosen;Ruev;BUL;1998;;;;;0T2z 0 6;63;;;;
boulder;Men;67;Ben;Abel;AUS;1998;;;;;0T2z 0 7;67;;;;
boulder;Men;67;Tamás;Farkas;HUN;1994;;;;;0T2z 0 7;67;;;;
boulder;Men;67;Peter;Kuric;SVK;2001;;;;;0T2z 0 7;67;;;;
boulder;Men;67;Leonid;Osadchyi;UKR;2001;;;;;0T3z 0 7;67;;;;
boulder;Men;71;Nimród Sebestyén;Tusnády ;HUN;2004;;;;;0T3z 0 8;71;;;;
boulder;Men;72;Axel;Lindfors;FIN;1991;;;;;0T3z 0 10;72;;;;
boulder;Men;72;Lluc;Macià Llobet;ESP;2004;;;;;0T3z 0 10;72;;;;
boulder;Men;72;Jakub;Zietek;POL;2002;;;;;0T3z 0 10;72;;;;
boulder;Men;75;Albert ;Ilsaas Suthurst;NOR;2001;;;;;0T2z 0 8;75;;;;
boulder;Men;75;Dmitrii;Popov;RUS;1997;;;;;0T2z 0 8;75;;;;
boulder;Men;77;Nils;Favre;SUI;1991;;;;;0T2z 0 9;77;;;;
boulder;Men;77;Vojtech;Trojan;CZE;1999;;;;;0T2z 0 9;77;;;;
boulder;Men;77;Johannes;Egger;ITA;2002;;;;;0T3z 0 11;77;;;;
boulder;Men;80;Mark;Brand;NED;1998;;;;;0T3z 0 14;80;;;;
boulder;Men;81;Roman;Batsenko;UKR;1995;;;;;0T2z 0 10;81;;;;
boulder;Men;81;Marek;Jeliga;CZE;2003;;;;;0T2z 0 5;81;;;;
boulder;Men;83;Frederik;Viberg Christiansen;DEN;2001;;;;;0T2z 0 16;83;;;;
boulder;Men;83;Stepan;Potucek;CZE;2001;;;;;0T2z 0 8;83;;;;
boulder;Men;85;Love  Ymer;Alber;SWE;2000;;;;;0T1z 0 1;85;;;;
boulder;Men;85;Illia;Bakhmet-Smolenskyi;UKR;2005;;;;;0T2z 0 17;85;;;;
boulder;Men;87;Christian;Wagner;CHI;2002;;;;;0T1z 0 1;87;;;;
boulder;Men;87;Vilks;Kaspars;LAT;1991;;;;;0T1z 0 1;87;;;;
boulder;Men;87;Bohdan;Botnar;UKR;2001;;;;;0T1z 0 2;87;;;;
boulder;Men;90;Oscar;Baudrand;CAN;2005;;;;;0T1z 0 3;90;;;;
boulder;Men;90;Emil;Abrahamsson;SWE;1996;;;;;0T1z 0 3;90;;;;
boulder;Men;90;David;Zinsler;AUT;2004;;;;;0T1z 0 3;90;;;;
boulder;Men;90;Fabian;Förander;SWE;1998;;;;;0T1z 0 3;90;;;;
boulder;Men;94;Matei;MUNTEANU;ROU;2001;;;;;0T1z 0 2;94;;;;
boulder;Men;95;Ludovico;Fossali;ITA;1997;;;;;0T1z 0 3;95;;;;
boulder;Men;95;Jakub;Fábric;SVK;2003;;;;;0T1z 0 3;95;;;;
boulder;Men;97;Kevin;Heiniger;SUI;1993;;;;;0T1z 0 4;97;;;;
boulder;Men;97;Simon;Potucek;CZE;2001;;;;;0T1z 0 5;97;;;;
boulder;Men;99;Roman;Sivakov;LTU;2003;;;;;0T1z 0 5;99;;;;
boulder;Men;99;Matthaios;VALSAMIDIS;GRE;1999;;;;;0T1z 0 6;99;;;;
boulder;Men;99;Eneko;Carretero Cruz;ESP;2001;;;;;0T1z 0 5;99;;;;
boulder;Men;102;Bassa;Mawem;FRA;1984;;;;;0T1z 0 8;102;;;;
boulder;Men;103;Daniel;Ungureanu;ROU;1981;;;;;0T0z 0 0;103;;;;
boulder;Men;103;Mikael;Suihkonen;FIN;2003;;;;;0T0z 0 0;103;;;;
boulder;Men;103;Joris;Leipus;LTU;1999;;;;;0T0z 0 0;103;;;;
boulder;Men;103;Alexandru;Olteanu;ROU;2000;;;;;0T0z 0 0;103;;;;
boulder;Men;103;Frede;Rasmussen;DEN;2001;;;;;0T0z 0 0;103;;;;
boulder;Men;103;Samuel;Stefanik;SVK;2003;;;;;0T0z 0 0;103;;;;
boulder;Men;103;Tomas;Plevko;SVK;1999;;;;;0T1z 0 9;103;;;;
boulder;Men;110;Róbert;Sántha;ROU;2000;;;;;0T0z 0 0;110;;;;
boulder;Men;110;Victor;SEBROS;GRE;1995;;;;;0T0z 0 0;110;;;;
boulder;Men;110;Filip;Hromada;SVK;2004;;;;;0T0z 0 0;110;;;;
boulder;Men;110;Theofanis-Ermis;THEOCHAROPOULOS;GRE;2000;;;;;0T0z 0 0;110;;;;
boulder;Men;110;Orfeas;TSIAOUSIS;GRE;1999;;;;;0T0z 0 0;110;;;;
boulder;Women;1;Janja;Garnbret;SLO;1999;;;;;5T5z 8 5;1;4T4z 9 4;1;3T3z 3 3;1
boulder;Women;2;Natalia;Grossman;USA;2001;;;;;4T5z 5 6;3;3T4z 5 6;4;3T3z 9 9;2
boulder;Women;3;Stasa;Gejo;SRB;1997;;;;;3T5z 6 6;7;2T4z 4 7;6;1T3z 2 6;3
boulder;Women;4;Futaba;Ito;JPN;2002;;;;;3T5z 12 14;11;3T4z 4 5;2;1T2z 3 8;4
boulder;Women;5;Akiyo;Noguchi;JPN;1989;;;;;3T5z 8 12;3;3T4z 11 10;5;1T1z 1 1;5
boulder;Women;6;Miho;Nonaka;JPN;1997;;;;;4T5z 6 7;5;3T4z 4 5;2;DNS;
boulder;Women;7;Johanna;Färber;AUT;1998;;;;;3T5z 6 7;9;2T4z 6 7;7;;
boulder;Women;8;Brooke;Raboutou;USA;2001;;;;;4T5z 5 5;1;2T3z 4 5;8;;
boulder;Women;9;Laura;Rogora;ITA;2001;;;;;3T4z 8 8;7;2T3z 6 11;9;;
boulder;Women;10;Mao;Nakamura;JPN;2000;;;;;3T4z 6 10;5;2T3z 7 6;10;;
boulder;Women;11;Petra;Klingler;SUI;1992;;;;;2T5z 6 10;15;1T4z 1 11;11;;
boulder;Women;12;Katja;Debevec;SLO;1995;;;;;2T3z 4 6;17;1T4z 1 15;12;;
boulder;Women;13;Franziska;Sterrer;AUT;1998;;;;;2T4z 6 9;19;1T4z 5 7;13;;
boulder;Women;14;Andrea;Kümin;SUI;1997;;;;;2T5z 5 12;13;1T3z 1 3;14;;
boulder;Women;15;Chloe;Caulier;BEL;1996;;;;;2T5z 12 20;11;1T3z 2 9;15;;
boulder;Women;16;Oriane;Bertone;FRA;2005;;;;;2T3z 4 10;19;0T4z 0 7;16;;
boulder;Women;17;Kylie;Cullen;USA;2004;;;;;2T3z 3 9;15;0T3z 0 6;17;;
boulder;Women;18;Sandra;Lettner;AUT;2001;;;;;2T4z 5 9;17;0T3z 0 10;18;;
boulder;Women;19;Julia;Chanourdie;FRA;1996;;;;;2T5z 7 13;9;0T3z 0 19;19;;
boulder;Women;20;Nanako;Kura;JPN;2000;;;;;2T4z 8 8;13;0T2z 0 3;20;;
boulder;Women;21;Kyra;Condie;USA;1996;;;;;2T3z 7 5;21;;;;
boulder;Women;21;Camilla;Moroni;ITA;2001;;;;;2T4z 8 12;21;;;;
boulder;Women;23;Afra;Hönig;GER;1995;;;;;2T3z 3 4;23;;;;
boulder;Women;23;Giorgia;Tesio;ITA;2000;;;;;2T3z 7 6;23;;;;
boulder;Women;25;Mia;Krampl;SLO;2000;;;;;2T2z 8 8;25;;;;
boulder;Women;25;Maya;Dreamer;ISR;2001;;;;;2T3z 7 8;25;;;;
boulder;Women;27;Elena;Krasovskaia;RUS;2000;;;;;2T3z 15 13;27;;;;
boulder;Women;27;Sofya;Yokoyama;SUI;1998;;;;;1T4z 4 11;27;;;;
boulder;Women;29;Ayala;Kerem;ISR;2001;;;;;1T5z 5 15;29;;;;
boulder;Women;29;Irina;Kuzmenko;RUS;1995;;;;;1T3z 2 9;29;;;;
boulder;Women;31;Julija;Kruder;SLO;1997;;;;;1T3z 3 7;31;;;;
boulder;Women;31;Ekaterina;Kipriianova;RUS;1989;;;;;1T4z 1 10;31;;;;
boulder;Women;33;Fanny;Gibert;FRA;1993;;;;;1T3z 4 8;33;;;;
boulder;Women;33;Hannah;Meul;GER;2001;;;;;1T4z 3 7;33;;;;
boulder;Women;35;Alma;Bestvater;GER;1996;;;;;1T4z 4 15;35;;;;
boulder;Women;35;Lena;SCHRITTWIESER;AUT;2005;;;;;1T3z 4 9;35;;;;
boulder;Women;37;Viktoriia;Meshkova;RUS;2000;;;;;1T4z 4 17;37;;;;
boulder;Women;37;Naama;Yohai;ISR;2000;;;;;1T3z 5 9;37;;;;
boulder;Women;39;Eva Maria;Hammelmüller;AUT;2000;;;;;1T3z 5 10;39;;;;
boulder;Women;39;Sunniva Eik;Haave;NOR;1997;;;;;1T4z 6 10;39;;;;
boulder;Women;41;Lucia;Dörffel;GER;2000;;;;;1T3z 4 12;41;;;;
boulder;Women;41;Laura;Loikas;FIN;2002;;;;;1T3z 5 13;41;;;;
boulder;Women;43;Anouck;Jaubert;FRA;1994;;;;;1T3z 5 7;43;;;;
boulder;Women;43;Natalie;Bärtschi;SUI;1994;;;;;1T3z 5 16;43;;;;
boulder;Women;45;Margaryta;Zakharova;UKR;1995;;;;;1T3z 6 9;45;;;;
boulder;Women;45;Leonie;Lochner;GER;2000;;;;;1T3z 6 9;45;;;;
boulder;Women;45;Giulia;Medici;ITA;1999;;;;;1T2z 2 4;45;;;;
boulder;Women;48;Urska;Repusic;SLO;2000;;;;;1T2z 3 6;48;;;;
boulder;Women;48;Miku;ISHII;JPN;2000;;;;;1T2z 3 6;48;;;;
boulder;Women;50;Yula;Gold;ISR;2002;;;;;1T3z 6 13;50;;;;
boulder;Women;51;Mailys;Piazzalunga;FRA;2001;;;;;1T2z 3 7;51;;;;
boulder;Women;51;Alejandra;Contreras;CHI;2000;;;;;0T3z 0 6;51;;;;
boulder;Women;53;Katrine;Vandet Salling;DEN;1994;;;;;1T2z 11 15;53;;;;
boulder;Women;53;Pleun;Frank;NED;2002;;;;;0T3z 0 9;53;;;;
boulder;Women;55;Valentina;Aguado;ARG;2001;;;;;0T3z 0 10;55;;;;
boulder;Women;55;Celina;Schoibl;AUT;2001;;;;;1T1z 6 6;55;;;;
boulder;Women;57;Lucie;Watillon;BEL;2003;;;;;0T2z 0 4;57;;;;
boulder;Women;57;Michaela;Smetanova;CZE;2003;;;;;0T3z 0 12;57;;;;
boulder;Women;59;Mattea;Pötzi;AUT;2000;;;;;0T2z 0 7;59;;;;
boulder;Women;59;Alessia;Mabboni;ITA;2005;;;;;0T3z 0 13;59;;;;
boulder;Women;61;Ingrid;Kindlihagen;NOR;2002;;;;;0T3z 0 17;61;;;;
boulder;Women;61;Lucie;Delcoigne;BEL;2002;;;;;0T2z 0 8;61;;;;
boulder;Women;63;Aida;Torres Illamola;ESP;2002;;;;;0T3z 0 18;63;;;;
boulder;Women;63;Katrin;Amann;SWE;1995;;;;;0T1z 0 3;63;;;;
boulder;Women;65;Anna;Zaikina;RUS;1993;;;;;0T2z 0 4;65;;;;
boulder;Women;65;Lea;Kempf;AUT;2004;;;;;0T1z 0 6;65;;;;
boulder;Women;67;Campbell;Sarinopoulos;USA;2004;;;;;0T1z 0 9;67;;;;
boulder;Women;67;Elza Elizabete;Baraka;LAT;2001;;;;;0T2z 0 5;67;;;;
boulder;Women;69;Arta;Matelsone;LAT;1997;;;;;0T1z 0 13;69;;;;
boulder;Women;69;Ignacia;Mellado Quinteros;CHI;2002;;;;;0T2z 0 6;69;;;;
boulder;Women;71;Elizabeth;Sepulveda;PUR;2002;;;;;0T0z 0 0;71;;;;
boulder;Women;71;Daria;Nesterenko;UKR;2003;;;;;0T0z 0 0;71;;;;
boulder;Women;71;Eliska;Bulenova;CZE;2003;;;;;0T0z 0 0;71;;;;
boulder;Women;71;Roosa;Huhtikorpi;FIN;1989;;;;;0T2z 0 7;71;;;;
boulder;Women;71;Johanna;Sörbom;SWE;1994;;;;;0T0z 0 0;71;;;;
boulder;Women;71;Tove;Wåhlin;SWE;1994;;;;;0T0z 0 0;71;;;;
boulder;Women;71;Agniete;Baltrune;LTU;1995;;;;;0T2z 0 7;71;;;;
boulder;Women;71;Nikoline;Öhrström;DEN;2001;;;;;0T0z 0 0;71;;;;
boulder;Women;71;Anastasija;Teriochina;LTU;1987;;;;;0T0z 0 0;71;;;;
boulder;Women;71;Valeri;Kremer;ISR;1991;;;;;0T0z 0 0;71;;;;
boulder;Women;71;Evdoxia-Aikaterini;KALLIA;GRE;2002;;;;;0T0z 0 0;71;;;;
boulder;Women;71;Edel;Lemvik;NOR;2004;;;;;0T0z 0 0;71;;;;
boulder;Women;83;Iziar;Martínez Almendros;ESP;2005;;;;;0T2z 0 8;83;;;;
boulder;Women;83;Adela;Bajerova;CZE;2003;;;;;0T2z 0 8;83;;;;
boulder;Women;83;Sunniva;Øvre-Eide;NOR;2004;;;;;0T2z 0 8;83;;;;
boulder;Women;86;Tiba;Vroom;NED;1999;;;;;0T1z 0 1;86;;;;
boulder;Women;86;Tina Johnsen;Hafsaas;NOR;1994;;;;;0T1z 0 1;86;;;;
boulder;Women;88;Bianka;Janecka;POL;2003;;;;;0T1z 0 2;88;;;;
boulder;Women;;Vanda;Michalkova;SVK;2002;;;;;DNS;;;;;
