City,Country,Year,Ds,Event,discipline,category,rank,firstname,lastname,country,yob,Qualification 1 score,Qualification 1 rank,Qualification 2 score,Qualification 2 rank,Qualification score,Qualification rank,Semi-Final score,Semi-Final rank,Final score,Final rank
Briançon,FRA,2021,L,WC,lead,Men,1,Stefano,Ghisolfi,ITA,1993,32+,2,32+,4,3,2,42+,1,42+,1
Briançon,FRA,2021,L,WC,lead,Men,2,Dmitrii,Fakirianov,RUS,1994,15,52,33+,2,11.51,11,40+,3,39+,2
Briançon,FRA,2021,L,WC,lead,Men,3,Martin,Stranik,CZE,1990,29+,3,29,8,5.66,4,39+,4,37+,3
Briançon,FRA,2021,L,WC,lead,Men,4,Sean,Bailey,USA,1996,29+,3,27,16,8,7,42+,2,36,4
Briançon,FRA,2021,L,WC,lead,Men,5,Sascha,Lehmann,SUI,1998,22+,16,32+,4,9.25,8,37+,5,35,5
Briançon,FRA,2021,L,WC,lead,Men,6,Fedir,Samoilov,UKR,1997,29,6,27+,13,9.54,9,37,8,35,6
Briançon,FRA,2021,L,WC,lead,Men,7,Alberto,Ginés López,ESP,2002,22+,16,33+,2,6.89,6,37,7,27+,7
Briançon,FRA,2021,L,WC,lead,Men,8,Luka,Potocar,SLO,2001,33,1,30+,7,2.65,1,37,6,22,8
Briançon,FRA,2021,L,WC,lead,Men,9,Victor,Baudrand,CAN,2003,22+,16,25+,19,19.49,18,37,9,,
Briançon,FRA,2021,L,WC,lead,Men,10,Domen,Skofic,SLO,1994,22+,16,34+,1,4.36,3,36+,10,,
Briançon,FRA,2021,L,WC,lead,Men,11,Yannick,Flohé,GER,1999,29+,3,28+,9,6.48,5,36+,11,,
Briançon,FRA,2021,L,WC,lead,Men,12,Masahiro,Higuchi,JPN,1992,28,9,25+,19,13.78,12,36+,12,,
Briançon,FRA,2021,L,WC,lead,Men,13,Mathias,Posch,AUT,1999,23+,11,26+,17,14.79,15,36+,13,,
Briançon,FRA,2021,L,WC,lead,Men,14,Nicolas,Collin,BEL,1998,23,15,21+,27,21.04,21,33+,14,,
Briançon,FRA,2021,L,WC,lead,Men,15,Marcello,Bombardi,ITA,1993,22,23,28+,9,16.2,16,31.5+,15,,
Briançon,FRA,2021,L,WC,lead,Men,16,Sam,Avezou,FRA,2001,21+,28,27+,13,21,20,31.5+,16,,
Briançon,FRA,2021,L,WC,lead,Men,17,Sebastian,Halenke,GER,1995,22+,16,28+,9,14.12,14,31.5,17,,
Briançon,FRA,2021,L,WC,lead,Men,18,Nino,Grünenfelder,SUI,2001,21+,28,24+,23,27.21,26,31.5,18,,
Briançon,FRA,2021,L,WC,lead,Men,19,Hamish,McArthur,GBR,2002,29,6,27+,13,9.54,9,31+,19,,
Briançon,FRA,2021,L,WC,lead,Men,20,Sohta,Amagasa,JPN,2000,8,63,31+,6,19.67,19,31+,20,,
Briançon,FRA,2021,L,WC,lead,Men,21,Peter,Kuric,SVK,2001,23+,11,19+,36,21.79,23,31,21,,
Briançon,FRA,2021,L,WC,lead,Men,22,Ross,Fulkerson,USA,2001,28,9,25+,19,13.78,12,28+,22,,
Briançon,FRA,2021,L,WC,lead,Men,23,Joshua,FOURTEAU,FRA,2002,23+,11,19+,36,21.79,23,28+,23,,
Briançon,FRA,2021,L,WC,lead,Men,24,Ties,Vancraeynest,BEL,2003,28+,8,10,56,21.73,22,24,24,,
Briançon,FRA,2021,L,WC,lead,Men,25,Campbell,Harrison,AUS,1997,22,23,21+,27,27.16,25,21,25,,
Briançon,FRA,2021,L,WC,lead,Men,26,Hannes,Puman,SWE,1997,21+,28,28+,9,18.19,17,5,26,,
Briançon,FRA,2021,L,WC,lead,Men,27,Mikel Asier,Linacisoro Molina,ESP,2000,21+,28,24,25,28.34,27,,,,
Briançon,FRA,2021,L,WC,lead,Men,28,Leo,Avezou,FRA,1999,22,23,21,33,28.94,28,,,,
Briançon,FRA,2021,L,WC,lead,Men,29,Alistair,Duval,FRA,2001,23+,11,8,68,29.15,29,,,,
Briançon,FRA,2021,L,WC,lead,Men,30,Milan,Preskar,SLO,1996,20,39,25,22,30.03,30,,,,
Briançon,FRA,2021,L,WC,lead,Men,31,Martin,Bergant,SLO,1996,22+,16,14,47,30.04,31,,,,
Briançon,FRA,2021,L,WC,lead,Men,32,Mejdi,Schalck,FRA,2004,20,39,24+,23,31.04,32,,,,
Briançon,FRA,2021,L,WC,lead,Men,33,Christoph,Hanke,GER,1994,14+,55,26+,17,31.44,33,,,,
Briançon,FRA,2021,L,WC,lead,Men,34,Oscar,Baudrand,CAN,2005,21+,28,20+,35,33.2,34,,,,
Briançon,FRA,2021,L,WC,lead,Men,35,Sean,Faulkner,CAN,2000,20+,37,21+,27,33.26,35,,,,
Briançon,FRA,2021,L,WC,lead,Men,35,Stefan,Scherz,AUT,2001,20+,37,21+,27,33.26,35,,,,
Briançon,FRA,2021,L,WC,lead,Men,37,Martin,Tekles,GER,1991,21+,28,19+,36,34.6,37,,,,
Briançon,FRA,2021,L,WC,lead,Men,37,Ellis,Ernsberger,USA,2003,21+,28,19+,36,34.6,37,,,,
Briançon,FRA,2021,L,WC,lead,Men,39,Timothy,Kang,USA,1999,20,39,21+,27,34.78,39,,,,
Briançon,FRA,2021,L,WC,lead,Men,40,Diego,Fourbet,FRA,2002,22+,16,8+,63,35.14,40,,,,
Briançon,FRA,2021,L,WC,lead,Men,41,Nao,Monchois,FRA,1998,15+,50,24,25,35.89,41,,,,
Briançon,FRA,2021,L,WC,lead,Men,42,Alberto,Gotta,ITA,1992,19+,44,21+,27,36.43,42,,,,
Briançon,FRA,2021,L,WC,lead,Men,43,Nicolai,Uznik,AUT,2000,20,39,21,33,37.06,43,,,,
Briançon,FRA,2021,L,WC,lead,Men,44,Dylan,Chuat,SUI,2000,22,23,10,56,38.41,44,,,,
Briançon,FRA,2021,L,WC,lead,Men,44,Arsène,Duval,FRA,1999,22,23,10,56,38.41,44,,,,
Briançon,FRA,2021,L,WC,lead,Men,46,Max,Kleesattel,GER,1998,20,39,19+,36,39.47,46,,,,
Briançon,FRA,2021,L,WC,lead,Men,47,Satone,YOSHIDA,JPN,2004,21+,28,12,54,41.24,47,,,,
Briançon,FRA,2021,L,WC,lead,Men,48,Stepan,Volf,CZE,1996,19+,44,19,41,43.21,48,,,,
Briançon,FRA,2021,L,WC,lead,Men,49,Julien,Clémence,SUI,2001,19,47,16,43,44.96,49,,,,
Briançon,FRA,2021,L,WC,lead,Men,50,Mark,Brand,NED,1998,19+,44,13+,49,47.91,50,,,,
Briançon,FRA,2021,L,WC,lead,Men,51,Paul,Jenft,FRA,2003,21,36,8+,63,48.37,51,,,,
Briançon,FRA,2021,L,WC,lead,Men,52,Ziga,Zajc,SLO,2001,15,52,14+,45,49.11,52,,,,
Briançon,FRA,2021,L,WC,lead,Men,53,Andoni,Esparta Frade,ESP,2001,18,48,13+,49,49.73,53,,,,
Briançon,FRA,2021,L,WC,lead,Men,54,Hugo,Parmentier,FRA,1998,14+,55,15,44,49.86,54,,,,
Briançon,FRA,2021,L,WC,lead,Men,55,Giovanni,Placci,ITA,2001,10+,61,19,41,50.31,55,,,,
Briançon,FRA,2021,L,WC,lead,Men,56,Amiad,Lipman,ISR,2001,15,52,13+,49,51.99,56,,,,
Briançon,FRA,2021,L,WC,lead,Men,57,Leto,Cavé,NED,2002,10,62,14+,45,53.11,57,,,,
Briançon,FRA,2021,L,WC,lead,Men,58,Tomas,Plevko,SVK,1999,18,48,10,56,53.49,58,,,,
Briançon,FRA,2021,L,WC,lead,Men,59,Hannes,Van Duysen,BEL,2004,14+,55,13+,49,53.68,59,,,,
Briançon,FRA,2021,L,WC,lead,Men,60,Paul,Brand,NED,2003,11+,59,13+,49,54.85,60,,,,
Briançon,FRA,2021,L,WC,lead,Men,61,Leo Ketil,Bøe,NOR,1999,8,63,14,47,55.35,61,,,,
Briançon,FRA,2021,L,WC,lead,Men,62,Paolo,Sterni,ITA,2003,14+,55,10+,55,55.74,62,,,,
Briançon,FRA,2021,L,WC,lead,Men,63,Jachym,Cink,CZE,2003,15+,50,8+,63,57.29,63,,,,
Briançon,FRA,2021,L,WC,lead,Men,64,Oleksii,Tytarenko,UKR,2004,11,60,10,56,59.5,64,,,,
Briançon,FRA,2021,L,WC,lead,Men,65,Jan,Vopat,CZE,2003,8,63,10,56,61.69,65,,,,
Briançon,FRA,2021,L,WC,lead,Men,66,Vaidotas,Monstavicius,LTU,1990,7,68,10,56,63.34,66,,,,
Briançon,FRA,2021,L,WC,lead,Men,67,Leonid,Osadchyi,UKR,2001,8,63,8+,63,64.75,67,,,,
Briançon,FRA,2021,L,WC,lead,Men,68,Fabian,Förander,SWE,1998,7+,67,8+,63,65.99,68,,,,
Briançon,FRA,2021,L,WC,lead,Women,1,Eliska,Adamovska,CZE,2001,30,5,27+,17,9.35,6,TOP,3,36,1
Briançon,FRA,2021,L,WC,lead,Women,2,Natalia,Grossman,USA,2001,34+,1,36,1,1,1,TOP,1,35+,2
Briançon,FRA,2021,L,WC,lead,Women,3,Vita,Lukan,SLO,2000,12,49,35+,2,13.1,12,TOP,4,29,3
Briançon,FRA,2021,L,WC,lead,Women,4,Ashima,Shiraishi,USA,2001,23+,23,32+,8,13.98,15,TOP,5,27+,4
Briançon,FRA,2021,L,WC,lead,Women,5,Ryu,NAKAGAWA,JPN,2004,31+,3,24,37,11.53,10,36+,8,27+,5
Briançon,FRA,2021,L,WC,lead,Women,6,Lucka,Rakovec,SLO,2001,33+,2,35+,2,2.65,2,TOP,2,26+,6
Briançon,FRA,2021,L,WC,lead,Women,7,Lana,Skusek,SLO,2000,28+,7,34+,6,7.55,5,38,7,24+,7
Briançon,FRA,2021,L,WC,lead,Women,8,Aleksandra,Totkova,BUL,2005,27+,14,28,15,14.73,16,41,6,22+,8
Briançon,FRA,2021,L,WC,lead,Women,9,Natsuki,Tanii,JPN,2003,21+,29,33+,7,14.97,17,36+,9,,
Briançon,FRA,2021,L,WC,lead,Women,10,Camilla,Moroni,ITA,2001,22+,25,28,15,20.07,22,31+,10,,
Briançon,FRA,2021,L,WC,lead,Women,11,Tjasa,Slemensek,SLO,1999,16,46,28+,11,23.98,25,31,11,,
Briançon,FRA,2021,L,WC,lead,Women,12,Molly,Thompson-Smith,GBR,1997,31+,3,35+,2,3.5,3,30,12,,
Briançon,FRA,2021,L,WC,lead,Women,13,Eva Maria,Hammelmüller,AUT,2000,28+,7,28+,11,10.9,8,30,13,,
Briançon,FRA,2021,L,WC,lead,Women,14,Camille,Pouget,FRA,2002,29,6,24+,23,13.3,13,29,14,,
Briançon,FRA,2021,L,WC,lead,Women,15,Martina,Demmel,GER,2001,28+,7,24+,23,16.74,18,29,15,,
Briançon,FRA,2021,L,WC,lead,Women,16,Hannah,Meul,GER,2001,25,20,27,19,19.74,20,29,16,,
Briançon,FRA,2021,L,WC,lead,Women,17,Salomé,Romain,FRA,1996,26+,16,24+,23,22.06,23,29,17,,
Briançon,FRA,2021,L,WC,lead,Women,18,Julia,Fiser,AUT,1997,28+,7,32,10,9.75,7,27+,18,,
Briançon,FRA,2021,L,WC,lead,Women,19,Nina,Arthaud,FRA,2000,28+,7,28+,11,10.9,8,27+,19,,
Briançon,FRA,2021,L,WC,lead,Women,20,Oriane,Bertone,FRA,2005,28,13,24+,23,19.58,19,27+,20,,
Briançon,FRA,2021,L,WC,lead,Women,21,Fanny,Gibert,FRA,1993,25+,18,24+,23,23.36,24,27+,21,,
Briançon,FRA,2021,L,WC,lead,Women,22,Franziska,Sterrer,AUT,1998,25,20,24+,23,24.59,26,27+,22,,
Briançon,FRA,2021,L,WC,lead,Women,23,Giorgia,Tesio,ITA,2000,28+,7,27+,17,12.89,11,26+,23,,
Briançon,FRA,2021,L,WC,lead,Women,24,Mattea,Pötzi,AUT,2000,21+,29,28+,11,20,21,26+,24,,
Briançon,FRA,2021,L,WC,lead,Women,25,Momoko,ABE,JPN,2003,27,15,35+,2,7.25,4,21+,25,,
Briançon,FRA,2021,L,WC,lead,Women,26,Lucija,Tarkus,SLO,2003,24+,22,32+,8,13.67,14,20+,26,,
Briançon,FRA,2021,L,WC,lead,Women,27,Käthe,Atkins,GER,2001,21+,29,25+,20,25.92,27,,,,
Briançon,FRA,2021,L,WC,lead,Women,28,Michelle,Hulliger,SUI,1999,26+,16,22,41,26.64,28,,,,
Briançon,FRA,2021,L,WC,lead,Women,29,Sabina,van Essen,NED,2005,22+,25,24+,23,27.69,29,,,,
Briançon,FRA,2021,L,WC,lead,Women,29,Manon,Hily,FRA,1994,22+,25,24+,23,27.69,29,,,,
Briançon,FRA,2021,L,WC,lead,Women,31,Anne-Sophie,Koller,SUI,1996,25+,18,22,41,28.2,31,,,,
Briançon,FRA,2021,L,WC,lead,Women,32,Lynn,van der Meer,NED,1999,21,36,25+,20,28.62,32,,,,
Briançon,FRA,2021,L,WC,lead,Women,33,Maya,Madere,USA,1999,22,28,24+,23,28.74,33,,,,
Briançon,FRA,2021,L,WC,lead,Women,34,Michaela,Smetanova,CZE,2003,21+,29,24+,23,30.72,34,,,,
Briançon,FRA,2021,L,WC,lead,Women,34,Lucia,Dörffel,GER,2000,21+,29,24+,23,30.72,34,,,,
Briançon,FRA,2021,L,WC,lead,Women,36,Valeri,Kremer,ISR,1991,23,24,23+,40,30.98,36,,,,
Briançon,FRA,2021,L,WC,lead,Women,37,Nolwenn,Arc,FRA,2000,5+,53,25+,20,33.67,37,,,,
Briançon,FRA,2021,L,WC,lead,Women,38,Chloe,Caulier,BEL,1996,21,36,24+,23,33.92,38,,,,
Briançon,FRA,2021,L,WC,lead,Women,39,Luisa,Flohé,GER,2001,20+,43,24+,23,35.62,39,,,,
Briançon,FRA,2021,L,WC,lead,Women,40,Selma,ELHADJ MIMOUNE,FRA,2004,21+,29,22,41,37.09,40,,,,
Briançon,FRA,2021,L,WC,lead,Women,41,Celine,Cuypers,BEL,1998,8+,50,24+,23,38.41,41,,,,
Briançon,FRA,2021,L,WC,lead,Women,42,Saula,Lerondel,FRA,2004,21,36,24,37,38.5,42,,,,
Briançon,FRA,2021,L,WC,lead,Women,42,Alessia,Mabboni,ITA,2005,21,36,24,37,38.5,42,,,,
Briançon,FRA,2021,L,WC,lead,Women,44,Sunniva,Øvre-Eide,NOR,2004,21+,29,18,50,40,44,,,,
Briançon,FRA,2021,L,WC,lead,Women,45,Kintana,Iltis,FRA,2003,21,36,20+,46,42.36,45,,,,
Briançon,FRA,2021,L,WC,lead,Women,46,Rut,Monsech Gasca,ESP,2002,21,36,18+,48,43.49,46,,,,
Briançon,FRA,2021,L,WC,lead,Women,47,Ilaria,Scolaris,ITA,1998,15+,47,22,41,45.19,47,,,,
Briançon,FRA,2021,L,WC,lead,Women,48,Valentina,Aguado,ARG,2001,21,36,7,52,45.25,48,,,,
Briançon,FRA,2021,L,WC,lead,Women,49,Aida,Torres Illamola,ESP,2002,16+,45,19+,47,45.99,49,,,,
Briançon,FRA,2021,L,WC,lead,Women,50,Julia,Duffy,USA,2004,19,44,18+,48,46.2,50,,,,
Briançon,FRA,2021,L,WC,lead,Women,51,Cloe,Coscoy,USA,2001,8,51,22,41,46.83,51,,,,
Briançon,FRA,2021,L,WC,lead,Women,52,Iziar,Martínez Almendros,ESP,2005,15+,47,16+,51,49.22,52,,,,
Briançon,FRA,2021,L,WC,lead,Women,53,Lucie,Watillon,BEL,2003,6,52,7,52,52.25,53,,,,
Briançon,FRA,2021,L,WC,lead,Women,54,Alexandra,Gullberg,SWE,2001,5+,53,6,54,54,54,,,,
Briançon,FRA,2021,L,WC,lead,Women,55,Eliska,Novotna,CZE,2001,5+,53,5+,55,54.74,55,,,,
Briançon,FRA,2021,L,WC,lead,Women,56,Doriane,SARAMANDIF,MRI,2005,3+,56,5+,55,55.75,56,,,,
Briançon,FRA,2021,L,WC,lead,Women,,Edel,Lemvik,NOR,2004,DNS,,DNS,,DNS,,,,,
Briançon,FRA,2022,L,WC,lead,Men,1,Jesse,Grupper,USA,1997,34+,1,37,7,2.74,1,TOP,1,37,1
Briançon,FRA,2022,L,WC,lead,Men,2,Taisei,Homma,JPN,1999,23,40,35,15,25.25,23,44,3,35+,2
Briançon,FRA,2022,L,WC,lead,Men,3,Alexander,Megos,GER,1993,31,8,39+,1,4,3,41+,4,35+,3
Briançon,FRA,2022,L,WC,lead,Men,4,Yannick,Flohé,GER,1999,33+,2,35+,12,5.7,5,41+,5,35+,4
Briançon,FRA,2022,L,WC,lead,Men,5,Colin,Duffy,USA,2003,32,7,36+,9,8.37,9,41+,6,34+,5
Briançon,FRA,2022,L,WC,lead,Men,6,Yoshiyuki,Ogata,JPN,1998,30+,9,34,17,17.49,15,41+,8,34+,6
Briançon,FRA,2022,L,WC,lead,Men,7,Filip,Schenk,ITA,2000,33+,2,24,69,13.13,13,41+,7,27,7
Briançon,FRA,2022,L,WC,lead,Men,8,Hamish,McArthur,GBR,2002,30+,9,34,17,17.49,15,41+,8,25,8
Briançon,FRA,2022,L,WC,lead,Men,9,Luka,Potocar,SLO,2001,30+,9,36+,9,13.04,11,TOP,2,18+,9
Briançon,FRA,2022,L,WC,lead,Men,10,Sascha,Lehmann,SUI,1998,30+,9,39+,1,5.83,6,41,10,,
Briançon,FRA,2022,L,WC,lead,Men,11,Sean,Bailey,USA,1996,30+,9,38+,4,8.25,8,41,11,,
Briançon,FRA,2022,L,WC,lead,Men,12,Sebastian,Halenke,GER,1995,30+,9,34,17,17.49,15,41,12,,
Briançon,FRA,2022,L,WC,lead,Men,13,Stefano,Ghisolfi,ITA,1993,30+,9,37,7,11.29,10,39+,13,,
Briançon,FRA,2022,L,WC,lead,Men,14,Masahiro,Higuchi,JPN,1992,30+,9,35+,12,14.87,14,39,14,,
Briançon,FRA,2022,L,WC,lead,Men,15,Jules,Marchaland,FRA,2001,30+,9,32+,23,21.22,19,38+,15,,
Briançon,FRA,2022,L,WC,lead,Men,16,Sam,Avezou,FRA,2001,28+,29,37+,5,13.06,12,38,16,,
Briançon,FRA,2022,L,WC,lead,Men,17,Domen,Skofic,SLO,1994,30+,9,33+,20,18.89,18,35+,17,,
Briançon,FRA,2022,L,WC,lead,Men,18,Toby,Roberts,GBR,2005,30+,9,32,31,23.69,21,28+,18,,
Briançon,FRA,2022,L,WC,lead,Men,19,Yuval,Shemla,ISR,1998,30+,9,32+,23,21.22,19,28,19,,
Briançon,FRA,2022,L,WC,lead,Men,20,Jonas,Utelli,SUI,2003,30+,9,32,31,23.69,21,28,20,,
Briançon,FRA,2022,L,WC,lead,Men,21,Martin,Stranik,CZE,1990,30+,9,30,38,25.42,24,27+,21,,
Briançon,FRA,2022,L,WC,lead,Men,22,Oscar,Baudrand,CAN,2005,30+,9,29+,39,26.56,26,27,22,,
Briançon,FRA,2022,L,WC,lead,Men,23,Satone,YOSHIDA,JPN,2004,32+,4,39+,1,3.16,2,26+,23,,
Briançon,FRA,2022,L,WC,lead,Men,24,Kokoro,Fujii,JPN,1992,32+,4,36+,9,7.07,7,25+,24,,
Briançon,FRA,2022,L,WC,lead,Men,25,Marcello,Bombardi,ITA,1993,28+,29,33+,20,25.51,25,25+,25,,
Briançon,FRA,2022,L,WC,lead,Men,26,Ao,YURIKUSA,JPN,2002,32+,4,37+,5,5.24,4,2+,26,,
Briançon,FRA,2022,L,WC,lead,Men,27,Jeremy,Bonder,FRA,1991,21+,59,35+,12,28.16,27,,,,
Briançon,FRA,2022,L,WC,lead,Men,28,Anthony,Gullsten,FIN,1991,28+,29,32+,23,28.66,28,,,,
Briançon,FRA,2022,L,WC,lead,Men,29,Michael,Piccolruaz,ITA,1995,26+,35,32+,23,30.45,29,,,,
Briançon,FRA,2022,L,WC,lead,Men,30,Hannes,Puman,SWE,1997,21+,59,34+,16,31.24,30,,,,
Briançon,FRA,2022,L,WC,lead,Men,31,Georg,Parma,AUT,1997,30+,9,25+,62,32.73,31,,,,
Briançon,FRA,2022,L,WC,lead,Men,32,Campbell,Harrison,AUS,1997,30+,9,25,65,33.5,32,,,,
Briançon,FRA,2022,L,WC,lead,Men,33,Romaric,GEFFROY,FRA,1996,23,40,32+,23,33.56,33,,,,
Briançon,FRA,2022,L,WC,lead,Men,34,Stefan,Scherz,AUT,2001,28+,29,30+,36,33.64,34,,,,
Briançon,FRA,2022,L,WC,lead,Men,35,Zan,Lovenjak Sudar,SLO,1998,28+,29,29+,39,35.87,35,,,,
Briançon,FRA,2022,L,WC,lead,Men,36,YUFEI,PAN,CHN,2000,22+,46,32+,23,36.03,36,,,,
Briançon,FRA,2022,L,WC,lead,Men,36,Nimrod,Marcus,ISR,1999,22+,46,32+,23,36.03,36,,,,
Briançon,FRA,2022,L,WC,lead,Men,38,Fedir,Samoilov,UKR,1997,23,40,32,31,37.45,38,,,,
Briançon,FRA,2022,L,WC,lead,Men,38,Nino,Grünenfelder,SUI,2001,23,40,32,31,37.45,38,,,,
Briançon,FRA,2022,L,WC,lead,Men,40,Milan,Preskar,SLO,1996,12+,68,33+,20,38.61,40,,,,
Briançon,FRA,2022,L,WC,lead,Men,41,Diego,Fourbet,FRA,2002,22,53,32,31,42.8,41,,,,
Briançon,FRA,2022,L,WC,lead,Men,42,Santiago,De Alba Flores,MEX,1992,30,26,24+,68,42.85,42,,,,
Briançon,FRA,2022,L,WC,lead,Men,43,Simon,Lorenzi,BEL,1997,23+,38,28+,48,43.21,43,,,,
Briançon,FRA,2022,L,WC,lead,Men,44,Dimitri,Flick,SUI,1999,30,26,23+,70,43.78,44,,,,
Briançon,FRA,2022,L,WC,lead,Men,45,Simon,Potucek,CZE,2001,22,53,30+,36,45.01,45,,,,
Briançon,FRA,2022,L,WC,lead,Men,46,Adrien,Lemaire,FRA,1999,12,75,32+,23,45.32,46,,,,
Briançon,FRA,2022,L,WC,lead,Men,47,Gregor,Vezonik,SLO,1995,23,40,28,50,46.1,47,,,,
Briançon,FRA,2022,L,WC,lead,Men,48,Benjamin,Hanna,USA,1998,24+,37,26,59,47.12,48,,,,
Briançon,FRA,2022,L,WC,lead,Men,49,Nicolas,Collin,BEL,1998,22+,46,29,45,47.48,49,,,,
Briançon,FRA,2022,L,WC,lead,Men,49,Victor,Baudrand,CAN,2003,22+,46,29,45,47.48,49,,,,
Briançon,FRA,2022,L,WC,lead,Men,51,Arsène,Duval,FRA,1999,22,53,29+,39,47.99,51,,,,
Briançon,FRA,2022,L,WC,lead,Men,51,James,Pope,GBR,1998,22,53,29+,39,47.99,51,,,,
Briançon,FRA,2022,L,WC,lead,Men,53,Guy,McNamee,CAN,2002,27+,34,23+,70,49.13,53,,,,
Briançon,FRA,2022,L,WC,lead,Men,54,Felipe ,Ho Foganholo,BRA,1999,30,26,6,91,49.7,54,,,,
Briançon,FRA,2022,L,WC,lead,Men,55,Chi-fung,AU,HKG,1995,23+,38,25,65,50.41,55,,,,
Briançon,FRA,2022,L,WC,lead,Men,56,Martin,Bergant,SLO,1996,22+,46,27+,51,50.48,56,,,,
Briançon,FRA,2022,L,WC,lead,Men,57,Lucas,Dufros,FRA,2002,12+,68,29+,39,54.28,57,,,,
Briançon,FRA,2022,L,WC,lead,Men,58,Fredrik,Serlachius,SWE,1998,22,53,27,54,55.25,58,,,,
Briançon,FRA,2022,L,WC,lead,Men,59,MUSAUWIR,MUSAUWIR,INA,2004,22+,46,25+,62,55.56,59,,,,
Briançon,FRA,2022,L,WC,lead,Men,60,Philipp,Martin,GER,1994,23,40,23,73,55.7,60,,,,
Briançon,FRA,2022,L,WC,lead,Men,61,Sean,Faulkner,CAN,2000,26,36,11+,89,56.6,61,,,,
Briançon,FRA,2022,L,WC,lead,Men,62,Alistair,Duval,FRA,2001,10+,81,29+,39,57.98,62,,,,
Briançon,FRA,2022,L,WC,lead,Men,63,JINBIN,HUANG,CHN,2005,21+,59,26+,57,59.22,63,,,,
Briançon,FRA,2022,L,WC,lead,Men,64,Stepan,Potucek,CZE,2001,22+,46,22+,74,60.42,64,,,,
Briançon,FRA,2022,L,WC,lead,Men,65,Ross,Fulkerson,USA,2001,12+,68,27+,51,60.76,65,,,,
Briançon,FRA,2022,L,WC,lead,Men,66,HAIBIN,QU,CHN,1992,12,75,28+,48,61.31,66,,,,
Briançon,FRA,2022,L,WC,lead,Men,67,Hugo,Parmentier,FRA,1998,9+,83,29,45,62.9,67,,,,
Briançon,FRA,2022,L,WC,lead,Men,68,Christoph,Schweiger,GER,2001,19+,66,26,59,63.17,68,,,,
Briançon,FRA,2022,L,WC,lead,Men,69,Alberto,Gotta,ITA,1992,21+,59,25,65,63.45,69,,,,
Briançon,FRA,2022,L,WC,lead,Men,70,Kindar,McNamee,CAN,2002,22,53,22+,74,64.3,70,,,,
Briançon,FRA,2022,L,WC,lead,Men,71,Samuel,Butterworth,GBR,2001,12+,68,26,59,65.27,71,,,,
Briançon,FRA,2022,L,WC,lead,Men,72,Matic,Kotar,SLO,1999,10,82,27+,51,65.3,72,,,,
Briançon,FRA,2022,L,WC,lead,Men,73,MUHAMMAD,RIZKY SYAHRAFLI SIMATUPANG,INA,2004,12,75,26+,57,66.76,73,,,,
Briançon,FRA,2022,L,WC,lead,Men,74,Cheung-chi Shoji,Chan,HKG,1995,12+,68,25+,62,66.88,74,,,,
Briançon,FRA,2022,L,WC,lead,Men,75,Max,Kleesattel,GER,1998,21+,59,22,76,68.76,75,,,,
Briançon,FRA,2022,L,WC,lead,Men,76,Louis,Gundolf,AUT,2001,9+,83,27,54,68.77,76,,,,
Briançon,FRA,2022,L,WC,lead,Men,76,YONGCHEN,CHEN,CHN,2002,9+,83,27,54,68.77,76,,,,
Briançon,FRA,2022,L,WC,lead,Men,78,Mateus,Rodrigues Bellotto,BRA,2003,20+,65,22,76,70.98,78,,,,
Briançon,FRA,2022,L,WC,lead,Men,79,HUALONG,SONG,CHN,2000,21,64,20+,82,72.44,79,,,,
Briançon,FRA,2022,L,WC,lead,Men,80,Mikel Asier,Linacisoro Molina,ESP,2000,12,75,23+,70,74.18,80,,,,
Briançon,FRA,2022,L,WC,lead,Men,81,Man-hei,CHUNG,HKG,2004,19+,66,19,85,75.18,81,,,,
Briançon,FRA,2022,L,WC,lead,Men,82,Rodrigo,Iasi Hanada,BRA,2002,12+,68,21+,80,75.37,82,,,,
Briançon,FRA,2022,L,WC,lead,Men,83,Cheuk-nam,WONG,HKG,2001,12,75,22,76,77.5,83,,,,
Briançon,FRA,2022,L,WC,lead,Men,84,Jachym,Cink,CZE,2003,12+,68,15+,86,78.14,84,,,,
Briançon,FRA,2022,L,WC,lead,Men,85,Tsz-kiu,LAU,HKG,2004,12,75,20,83,80.2,85,,,,
Briançon,FRA,2022,L,WC,lead,Men,86,Roman,Batsenko,UKR,1995,9+,83,22,76,81.64,86,,,,
Briançon,FRA,2022,L,WC,lead,Men,87,MUHAMMAD RAMZI,FIRMANSYAH,INA,2004,9+,83,21,81,83.46,87,,,,
Briançon,FRA,2022,L,WC,lead,Men,88,Fabian,Förander,SWE,1998,9+,83,19+,84,84.99,88,,,,
Briançon,FRA,2022,L,WC,lead,Men,89,MUHAMMAD FERZA FERNADA,ABDI,INA,2003,9+,83,12+,87,86.5,89,,,,
Briançon,FRA,2022,L,WC,lead,Men,90,Hritik,Marne,IND,2000,9,90,12,88,88.99,90,,,,
Briançon,FRA,2022,L,WC,lead,Men,91,Ivan,Shyshkovskyy,UKR,1980,7+,91,8,90,90.5,91,,,,
Briançon,FRA,2022,L,WC,lead,Men,92,José Alejandro,Sauceda Rodríguez,MEX,1997,5+,92,6,91,91.75,92,,,,
Briançon,FRA,2022,L,WC,lead,Women,1,Janja,Garnbret,SLO,1999,43+,2,TOP,1,2.12,2,43,2,42+,1
Briançon,FRA,2022,L,WC,lead,Women,2,Chaehyun,SEO,KOR,2003,44+,1,TOP,1,1.22,1,42+,3,41+,2
Briançon,FRA,2022,L,WC,lead,Women,3,Natalia,Grossman,USA,2001,42+,5,42+,5,5.24,5,39+,5,41,3
Briançon,FRA,2022,L,WC,lead,Women,4,Brooke,Raboutou,USA,2001,43+,2,42+,5,4.06,4,38+,6,41,4
Briançon,FRA,2022,L,WC,lead,Women,5,Natsuki,Tanii,JPN,2003,37+,6,37,10,8.94,9,43+,1,37+,5
Briançon,FRA,2022,L,WC,lead,Women,6,Laura,Rogora,ITA,2001,43+,2,45+,3,3,3,39+,4,37+,6
Briançon,FRA,2022,L,WC,lead,Women,7,Vita,Lukan,SLO,2000,37+,6,35+,13,11.14,11,38+,7,18+,7
Briançon,FRA,2022,L,WC,lead,Women,8,Ryu,NAKAGAWA,JPN,2004,36+,12,35+,13,13.92,15,35+,8,18+,8
Briançon,FRA,2022,L,WC,lead,Women,9,Lucka,Rakovec,SLO,2001,36+,12,35,19,15.41,16,35+,9,,
Briançon,FRA,2022,L,WC,lead,Women,10,Hannah,Meul,GER,2001,30+,17,34+,20,21.24,19,35+,10,,
Briançon,FRA,2022,L,WC,lead,Women,11,Hélène,Janicot,FRA,1993,37+,6,35+,13,11.14,11,34,11,,
Briançon,FRA,2022,L,WC,lead,Women,12,Manon,Hily,FRA,1994,31,16,43,4,8,6,32+,12,,
Briançon,FRA,2022,L,WC,lead,Women,13,Mia,Krampl,SLO,2000,37+,6,38,9,8.49,7,32,13,,
Briançon,FRA,2022,L,WC,lead,Women,14,Futaba,Ito,JPN,2002,34+,14,39+,8,10.77,10,31+,14,,
Briançon,FRA,2022,L,WC,lead,Women,15,Ilaria,Scolaris,ITA,1998,25,30,33+,22,25.69,25,29+,15,,
Briançon,FRA,2022,L,WC,lead,Women,16,Claudia,Ghisolfi,ITA,1996,30+,17,34+,20,21.24,19,27+,16,,
Briançon,FRA,2022,L,WC,lead,Women,17,Molly,Thompson-Smith,GBR,1997,30+,17,35+,13,18.47,18,26+,17,,
Briançon,FRA,2022,L,WC,lead,Women,18,Camille,Pouget,FRA,2002,34+,14,36,12,13.19,14,25+,18,,
Briançon,FRA,2022,L,WC,lead,Women,19,ZHILU,LUO,CHN,2006,27+,29,36+,11,17.86,17,25,19,,
Briançon,FRA,2022,L,WC,lead,Women,20,Momoko,ABE,JPN,2003,30+,17,32+,24,22.98,22,23+,20,,
Briançon,FRA,2022,L,WC,lead,Women,21,Käthe,Atkins,GER,2001,30+,17,28,28,25.26,23,21,21,,
Briançon,FRA,2022,L,WC,lead,Women,21,Sara,Copar,SLO,2005,30+,17,28,28,25.26,23,21,21,,
Briançon,FRA,2022,L,WC,lead,Women,23,YUETONG,Zhang,CHN,2003,21+,43,35+,13,26.41,26,20,23,,
Briançon,FRA,2022,L,WC,lead,Women,24,Giorgia,Tesio,ITA,2000,30+,17,33,23,22.49,21,19+,24,,
Briançon,FRA,2022,L,WC,lead,Women,25,Risa,Ota,JPN,1993,37+,6,35+,13,11.14,11,17+,25,,
Briançon,FRA,2022,L,WC,lead,Women,26,Mei,Kotake,JPN,1997,37,11,41+,7,8.77,8,17,26,,
Briançon,FRA,2022,L,WC,lead,Women,27,Ievgeniia,Kazbekova,UKR,1996,29,28,30+,25,26.46,27,,,,
Briançon,FRA,2022,L,WC,lead,Women,28,Eliska,Adamovska,CZE,2001,30+,17,26+,36,29.1,28,,,,
Briançon,FRA,2022,L,WC,lead,Women,29,Camilla,Moroni,ITA,2001,30+,17,26,42,30.94,29,,,,
Briançon,FRA,2022,L,WC,lead,Women,29,Martina,Demmel,GER,2001,30+,17,26,42,30.94,29,,,,
Briançon,FRA,2022,L,WC,lead,Women,31,Michaela,Smetanova,CZE,2003,22+,32,28+,27,31.39,31,,,,
Briançon,FRA,2022,L,WC,lead,Women,32,Nolwenn,Arc,FRA,2000,30+,17,25+,46,32.16,32,,,,
Briançon,FRA,2022,L,WC,lead,Women,33,Noa,Shiran,ISR,2001,21+,43,29+,26,34.21,33,,,,
Briançon,FRA,2022,L,WC,lead,Women,34,Salomé,Romain,FRA,1996,22+,32,27,33,35.23,34,,,,
Briançon,FRA,2022,L,WC,lead,Women,35,INA,PLASSOUX DJIGA,FRA,1999,22+,32,26+,36,37.49,35,,,,
Briançon,FRA,2022,L,WC,lead,Women,35,Anne-Sophie,Koller,SUI,1996,22+,32,26+,36,37.49,35,,,,
Briançon,FRA,2022,L,WC,lead,Women,37,Kyra,Condie,USA,1996,22+,32,26,42,39.85,37,,,,
Briançon,FRA,2022,L,WC,lead,Women,38,Valeri,Kremer,ISR,1991,20,52,28,28,39.94,38,,,,
Briançon,FRA,2022,L,WC,lead,Women,39,Alannah,Yip,CAN,1993,21,48,27,33,41.02,39,,,,
Briançon,FRA,2022,L,WC,lead,Women,40,Lana,Skusek,SLO,2000,22+,32,25+,46,41.42,40,,,,
Briançon,FRA,2022,L,WC,lead,Women,41,Lucija,Tarkus,SLO,2003,20,52,27+,31,41.62,41,,,,
Briançon,FRA,2022,L,WC,lead,Women,41,Eva Maria,Hammelmüller,AUT,2000,20,52,27+,31,41.62,41,,,,
Briançon,FRA,2022,L,WC,lead,Women,41,Miu,KAKIZAKI,JPN,2003,21+,43,26+,36,41.62,41,,,,
Briançon,FRA,2022,L,WC,lead,Women,41,Liv,Egli,SUI,2003,21+,43,26+,36,41.62,41,,,,
Briançon,FRA,2022,L,WC,lead,Women,45,Cloe,Coscoy,USA,2001,20,52,27,33,43.24,45,,,,
Briançon,FRA,2022,L,WC,lead,Women,46,valentine,Mangin ,FRA,2001,22+,32,24+,49,43.57,46,,,,
Briançon,FRA,2022,L,WC,lead,Women,46,Tjasa,Slemensek,SLO,1999,22+,32,24+,49,43.57,46,,,,
Briançon,FRA,2022,L,WC,lead,Women,46,Babette,Roy,CAN,2002,22+,32,24+,49,43.57,46,,,,
Briançon,FRA,2022,L,WC,lead,Women,46,Rebecca,Frangos,CAN,1997,22+,32,24+,49,43.57,46,,,,
Briançon,FRA,2022,L,WC,lead,Women,50,Julia,Fiser,AUT,1997,23+,31,22,66,45.23,50,,,,
Briançon,FRA,2022,L,WC,lead,Women,51,Quinn,Mason,USA,2003,20,52,26+,36,46.02,51,,,,
Briançon,FRA,2022,L,WC,lead,Women,52,Sandra,Hopfensitz,GER,2003,22,42,24+,49,46.73,52,,,,
Briançon,FRA,2022,L,WC,lead,Women,53,Lucie,Vaillant Bultel,FRA,2001,21,48,25+,46,48.23,53,,,,
Briançon,FRA,2022,L,WC,lead,Women,54,Louna,Deshayes,FRA,2005,21,48,24+,49,50.73,54,,,,
Briançon,FRA,2022,L,WC,lead,Women,55,Michelle,Hulliger,SUI,1999,19+,59,26,42,52.14,55,,,,
Briançon,FRA,2022,L,WC,lead,Women,56,Chloe,Earle,CAN,2000,21+,43,22+,61,53.24,56,,,,
Briançon,FRA,2022,L,WC,lead,Women,57,Erin,Mcneice,GBR,2004,20,52,24+,49,53.48,57,,,,
Briançon,FRA,2022,L,WC,lead,Women,58,ZIHAN,HUANG,CHN,2001,21,48,22+,61,55.84,58,,,,
Briançon,FRA,2022,L,WC,lead,Women,59,Bianca,Magalhaes de Castro ,BRA,1988,19+,59,24,56,59.16,59,,,,
Briançon,FRA,2022,L,WC,lead,Women,60,Emily,Phillips,GBR,2002,19+,59,23+,57,60.47,60,,,,
Briançon,FRA,2022,L,WC,lead,Women,60,HONGCHUN,XIANG,CHN,1998,19+,59,23+,57,60.47,60,,,,
Briançon,FRA,2022,L,WC,lead,Women,60,SUKMA,LINTANG CAHYANI,INA,2004,19+,59,23+,57,60.47,60,,,,
Briançon,FRA,2022,L,WC,lead,Women,63,Roxana,Wienand,GER,2000,20,52,15,69,61.6,63,,,,
Briançon,FRA,2022,L,WC,lead,Women,64,Joanna,Neame,GBR,1999,19+,59,22+,61,62.75,64,,,,
Briançon,FRA,2022,L,WC,lead,Women,64,FADYA DEVI,MONICA,INA,2005,19+,59,22+,61,62.75,64,,,,
Briançon,FRA,2022,L,WC,lead,Women,64,Thea,Cameron,GBR,2000,19+,59,22+,61,62.75,64,,,,
Briançon,FRA,2022,L,WC,lead,Women,67,YAJUN,HUANG,CHN,2005,17,68,23+,57,63.07,67,,,,
Briançon,FRA,2022,L,WC,lead,Women,68,Elizabeth,Sepulveda,PUR,2002,18+,67,21+,67,67,68,,,,
Briançon,FRA,2022,L,WC,lead,Women,69,NUR,KHALISHAH,INA,2004,11+,71,20,68,69.48,69,,,,
Briançon,FRA,2022,L,WC,lead,Women,70,NUR DIATUL,JANNAH,INA,2004,16+,69,13+,70,69.5,70,,,,
Briançon,FRA,2022,L,WC,lead,Women,71,Phoebe,Kenderdine,NZL,2003,13+,70,12,71,70.5,71,,,,
Briançon,FRA,2022,L,WC,lead,Women,72,Alyssa,Meyer,RSA,2002,10+,72,10+,72,72,72,,,,
Briançon,FRA,2022,L,WC,lead,Women,,Wai-mui,LING,HKG,2001,DNS,,DNS,,DNS,,,,,
Chamonix,FRA,2021,L,WC,lead,Men,1,Sean,Bailey,USA,1996,37+,5,40,10,8.31,6,43,5,34+,1
Chamonix,FRA,2021,L,WC,lead,Men,2,Stefano,Ghisolfi,ITA,1993,32+,26,TOP,1,11.62,11,46,2,32,2
Chamonix,FRA,2021,L,WC,lead,Men,3,Martin,Stranik,CZE,1990,35+,10,39,17,14.9,14,43,6,32,3
Chamonix,FRA,2021,L,WC,lead,Men,4,Sascha,Lehmann,SUI,1998,37,8,TOP,1,6,5,47+,1,29,4
Chamonix,FRA,2021,L,WC,lead,Men,5,Victor,Baudrand,CAN,2003,TOP,1,38,21,5.61,4,41+,7,28+,5
Chamonix,FRA,2021,L,WC,lead,Men,6,Marcello,Bombardi,ITA,1993,35+,10,40+,9,10.39,9,41+,8,26+,6
Chamonix,FRA,2021,L,WC,lead,Men,7,Luka,Potocar,SLO,2001,33+,19,40,10,15.91,16,45,4,25+,7
Chamonix,FRA,2021,L,WC,lead,Men,8,Paul,Jenft,FRA,2003,32+,26,TOP,1,11.62,11,45+,3,25,8
Chamonix,FRA,2021,L,WC,lead,Men,9,Masahiro,Higuchi,JPN,1992,35,15,40,10,13.13,13,41+,9,,
Chamonix,FRA,2021,L,WC,lead,Men,10,Hannes,Puman,SWE,1997,33+,19,36+,22,26.94,25,41+,10,,
Chamonix,FRA,2021,L,WC,lead,Men,11,Yannick,Flohé,GER,1999,33+,19,TOP,1,9.95,8,41,11,,
Chamonix,FRA,2021,L,WC,lead,Men,12,Christoph,Hanke,GER,1994,33+,19,36+,22,26.94,25,41,12,,
Chamonix,FRA,2021,L,WC,lead,Men,13,Mejdi,Schalck,FRA,2004,35+,10,36+,22,19.9,19,40+,13,,
Chamonix,FRA,2021,L,WC,lead,Men,14,Alberto,Ginés López,ESP,2002,38+,3,TOP,1,3.67,2,39+,14,,
Chamonix,FRA,2021,L,WC,lead,Men,15,Sebastian,Halenke,GER,1995,33+,19,39,17,20.17,21,39+,15,,
Chamonix,FRA,2021,L,WC,lead,Men,16,Sohta,Amagasa,JPN,2000,37+,5,40,10,8.31,6,38+,16,,
Chamonix,FRA,2021,L,WC,lead,Men,17,Mikel Asier,Linacisoro Molina,ESP,2000,22+,59,TOP,1,16.57,17,38+,17,,
Chamonix,FRA,2021,L,WC,lead,Men,18,Milan,Preskar,SLO,1996,30,41,39+,14,25.1,24,38+,18,,
Chamonix,FRA,2021,L,WC,lead,Men,19,Nao,Monchois,FRA,1998,33+,19,36+,22,26.94,25,38+,19,,
Chamonix,FRA,2021,L,WC,lead,Men,20,Stefan,Scherz,AUT,2001,35+,10,39,17,14.9,14,37+,20,,
Chamonix,FRA,2021,L,WC,lead,Men,21,Ellis,Ernsberger,USA,2003,33+,19,36+,22,26.94,25,34,21,,
Chamonix,FRA,2021,L,WC,lead,Men,22,Martin,Bergant,SLO,1996,38,4,36+,22,11.49,10,33,22,,
Chamonix,FRA,2021,L,WC,lead,Men,23,Oscar,Baudrand,CAN,2005,36+,9,36+,22,17.23,18,33,23,,
Chamonix,FRA,2021,L,WC,lead,Men,24,Diego,Fourbet,FRA,2002,35+,10,36+,22,19.9,19,33,24,,
Chamonix,FRA,2021,L,WC,lead,Men,25,Domen,Skofic,SLO,1994,37+,5,TOP,1,5.2,3,32,25,,
Chamonix,FRA,2021,L,WC,lead,Men,26,Satone,YOSHIDA,JPN,2004,TOP,1,TOP,1,2.6,1,30+,26,,
Chamonix,FRA,2021,L,WC,lead,Men,27,Ross,Fulkerson,USA,2001,32+,26,39+,14,21.21,22,30+,27,,
Chamonix,FRA,2021,L,WC,lead,Men,28,Nino,Grünenfelder,SUI,2001,34,17,36+,22,24.03,23,30+,28,,
Chamonix,FRA,2021,L,WC,lead,Men,29,Hamish,McArthur,GBR,2002,29,49,39+,14,27.39,29,,,,
Chamonix,FRA,2021,L,WC,lead,Men,30,Nicolai,Uznik,AUT,2000,34+,16,34+,47,27.42,30,,,,
Chamonix,FRA,2021,L,WC,lead,Men,31,Ties,Vancraeynest,BEL,2003,30,41,39,17,27.87,31,,,,
Chamonix,FRA,2021,L,WC,lead,Men,32,Jan,Hojer,GER,1992,32+,26,36+,22,31.46,32,,,,
Chamonix,FRA,2021,L,WC,lead,Men,32,Nicolas,Collin,BEL,1998,32+,26,36+,22,31.46,32,,,,
Chamonix,FRA,2021,L,WC,lead,Men,32,Fedir,Samoilov,UKR,1997,32+,26,36+,22,31.46,32,,,,
Chamonix,FRA,2021,L,WC,lead,Men,32,Dylan,Chuat,SUI,2000,32+,26,36+,22,31.46,32,,,,
Chamonix,FRA,2021,L,WC,lead,Men,36,Giorgio,Tomatis,ITA,2003,32,35,36+,22,33.99,36,,,,
Chamonix,FRA,2021,L,WC,lead,Men,36,Campbell,Harrison,AUS,1997,34,17,21,65,33.99,36,,,,
Chamonix,FRA,2021,L,WC,lead,Men,38,Hugo,Parmentier,FRA,1998,31+,36,36+,22,34.94,38,,,,
Chamonix,FRA,2021,L,WC,lead,Men,38,Philipp,Martin,GER,1994,31+,36,36+,22,34.94,38,,,,
Chamonix,FRA,2021,L,WC,lead,Men,38,Arsène,Duval,FRA,1999,31+,36,36+,22,34.94,38,,,,
Chamonix,FRA,2021,L,WC,lead,Men,41,Yuval,Shemla,ISR,1998,31,39,36+,22,35.87,41,,,,
Chamonix,FRA,2021,L,WC,lead,Men,42,Adrien,Lemaire,FRA,1999,32+,26,36,45,36.95,42,,,,
Chamonix,FRA,2021,L,WC,lead,Men,43,Leto,Cavé,NED,2002,30,41,36+,22,37.23,43,,,,
Chamonix,FRA,2021,L,WC,lead,Men,44,Mark,Brand,NED,1998,29+,44,36+,22,38.96,44,,,,
Chamonix,FRA,2021,L,WC,lead,Men,45,Dimitri,Vogt,SUI,1997,29,49,36+,22,40.62,45,,,,
Chamonix,FRA,2021,L,WC,lead,Men,46,Mathias,Posch,AUT,1999,32+,26,24+,55,40.99,46,,,,
Chamonix,FRA,2021,L,WC,lead,Men,47,Giovanni,Placci,ITA,2001,28+,52,36+,22,41.82,47,,,,
Chamonix,FRA,2021,L,WC,lead,Men,48,Sam,Avezou,FRA,2001,29+,44,36,45,45.75,48,,,,
Chamonix,FRA,2021,L,WC,lead,Men,49,Timothy,Kang,USA,1999,29+,44,32+,49,47.48,49,,,,
Chamonix,FRA,2021,L,WC,lead,Men,50,Nimrod,Marcus,ISR,1999,29+,44,32,50,48.2,50,,,,
Chamonix,FRA,2021,L,WC,lead,Men,51,Hannes,Van Duysen,BEL,2004,29+,44,31+,52,48.91,51,,,,
Chamonix,FRA,2021,L,WC,lead,Men,52,Alistair,Duval,FRA,2001,8+,73,36+,22,49.08,52,,,,
Chamonix,FRA,2021,L,WC,lead,Men,53,Andoni,Esparta Frade,ESP,2001,30+,40,13+,68,52.73,53,,,,
Chamonix,FRA,2021,L,WC,lead,Men,54,Ziga,Zajc,SLO,2001,29,49,24+,55,52.92,54,,,,
Chamonix,FRA,2021,L,WC,lead,Men,55,Dmitrii,Fakirianov,RUS,1994,22+,59,34,48,54.11,55,,,,
Chamonix,FRA,2021,L,WC,lead,Men,56,Sean,Faulkner,CAN,2000,28+,52,24+,55,54.48,56,,,,
Chamonix,FRA,2021,L,WC,lead,Men,57,Leo Ketil,Bøe,NOR,1999,26+,57,26+,53,54.96,57,,,,
Chamonix,FRA,2021,L,WC,lead,Men,58,Peter,Kuric,SVK,2001,22+,59,32,50,55.5,58,,,,
Chamonix,FRA,2021,L,WC,lead,Men,59,Leonid,Osadchyi,UKR,2001,23,58,25,54,55.96,59,,,,
Chamonix,FRA,2021,L,WC,lead,Men,60,Stepan,Volf,CZE,1996,27+,55,22+,60,58.19,60,,,,
Chamonix,FRA,2021,L,WC,lead,Men,61,Pietro,Vidi,ITA,2002,28+,52,21,65,59.14,61,,,,
Chamonix,FRA,2021,L,WC,lead,Men,62,Jachym,Cink,CZE,2003,22+,59,22+,60,61,62,,,,
Chamonix,FRA,2021,L,WC,lead,Men,63,Philipp,Geisenhoff,SUI,2000,27+,55,13+,68,62.11,63,,,,
Chamonix,FRA,2021,L,WC,lead,Men,64,Alex,Khazanov,ISR,1995,22+,59,22,63,62.24,64,,,,
Chamonix,FRA,2021,L,WC,lead,Men,65,Tomas,Plevko,SVK,1999,18,66,24,58,62.37,65,,,,
Chamonix,FRA,2021,L,WC,lead,Men,65,Jan,Vopat,CZE,2003,18,66,24,58,62.37,65,,,,
Chamonix,FRA,2021,L,WC,lead,Men,67,Lluc,Macià Llobet,ESP,2004,17+,68,22+,60,64.4,67,,,,
Chamonix,FRA,2021,L,WC,lead,Men,68,Fabian,Förander,SWE,1998,17,69,22,63,66.19,68,,,,
Chamonix,FRA,2021,L,WC,lead,Men,69,Or,Miniely,ISR,1997,18+,64,13+,68,66.95,69,,,,
Chamonix,FRA,2021,L,WC,lead,Men,70,Leo,Avezou,FRA,1999,16+,70,21,65,67.97,70,,,,
Chamonix,FRA,2021,L,WC,lead,Men,71,Christian,Wagner,CHI,2002,18+,64,12,73,68.62,71,,,,
Chamonix,FRA,2021,L,WC,lead,Men,72,Paul,Brand,NED,2003,12+,71,13+,68,70.25,72,,,,
Chamonix,FRA,2021,L,WC,lead,Men,73,Vaidotas,Monstavicius,LTU,1990,11+,72,12+,72,72,73,,,,
Chamonix,FRA,2021,L,WC,lead,Men,,Felipe ,Ho Foganholo,BRA,1999,DNS,,DNS,,DNS,,,,,
Chamonix,FRA,2021,L,WC,lead,Women,1,Laura,Rogora,ITA,2001,44+,21,TOP,1,9.81,11,TOP,6,TOP,1
Chamonix,FRA,2021,L,WC,lead,Women,2,Natalia,Grossman,USA,2001,50,2,TOP,1,3.24,1,TOP,1,41+,2
Chamonix,FRA,2021,L,WC,lead,Women,3,Aleksandra,Totkova,BUL,2005,50,2,48,7,4.58,3,TOP,2,38+,3
Chamonix,FRA,2021,L,WC,lead,Women,4,Vita,Lukan,SLO,2000,49+,5,41+,12,8.49,7,TOP,5,38+,4
Chamonix,FRA,2021,L,WC,lead,Women,5,Natsuki,Tanii,JPN,2003,44+,21,47,8,14.83,15,TOP,7,32+,5
Chamonix,FRA,2021,L,WC,lead,Women,6,Julia,Chanourdie,FRA,1996,49,8,TOP,1,5.77,5,TOP,3,29+,6
Chamonix,FRA,2021,L,WC,lead,Women,7,Ashima,Shiraishi,USA,2001,47,18,40+,14,15.87,16,TOP,8,29+,7
Chamonix,FRA,2021,L,WC,lead,Women,8,Dinara,Fakhritdinova,RUS,1992,49,8,TOP,1,5.77,5,TOP,3,28+,8
Chamonix,FRA,2021,L,WC,lead,Women,9,Nolwenn,Arc,FRA,2000,44+,21,40,15,20.65,20,TOP,9,,
Chamonix,FRA,2021,L,WC,lead,Women,10,Eliska,Adamovska,CZE,2001,48,12,37,17,16.16,17,54,10,,
Chamonix,FRA,2021,L,WC,lead,Women,11,Momoko,ABE,JPN,2003,49,8,43,10,9.75,10,53+,11,,
Chamonix,FRA,2021,L,WC,lead,Women,12,Camille,Pouget,FRA,2002,48,12,42,11,12.63,14,52+,12,,
Chamonix,FRA,2021,L,WC,lead,Women,13,Nina,Arthaud,FRA,2000,49+,5,40,15,9.64,9,51+,13,,
Chamonix,FRA,2021,L,WC,lead,Women,14,Salomé,Romain,FRA,1996,44+,21,TOP,1,9.81,11,49+,14,,
Chamonix,FRA,2021,L,WC,lead,Women,15,Sabina,van Essen,NED,2005,44+,21,35+,20,24.32,24,49+,15,,
Chamonix,FRA,2021,L,WC,lead,Women,16,Michelle,Hulliger,SUI,1999,45+,19,30+,33,25.6,26,48+,16,,
Chamonix,FRA,2021,L,WC,lead,Women,17,Molly,Thompson-Smith,GBR,1997,48,12,45+,9,11.42,13,47+,17,,
Chamonix,FRA,2021,L,WC,lead,Women,18,Giorgia,Tesio,ITA,2000,44+,21,35+,20,24.32,24,43,18,,
Chamonix,FRA,2021,L,WC,lead,Women,19,Ryu,NAKAGAWA,JPN,2004,49+,5,41,13,8.83,8,41+,19,,
Chamonix,FRA,2021,L,WC,lead,Women,20,Eva Maria,Hammelmüller,AUT,2000,TOP,1,34,27,5.24,4,41,20,,
Chamonix,FRA,2021,L,WC,lead,Women,21,Julia,Fiser,AUT,1997,48,12,32+,29,20.68,21,41,21,,
Chamonix,FRA,2021,L,WC,lead,Women,22,Martina,Demmel,GER,2001,44+,21,37,17,22.25,22,41,22,,
Chamonix,FRA,2021,L,WC,lead,Women,23,Lucka,Rakovec,SLO,2001,50,2,TOP,1,3.24,1,39+,23,,
Chamonix,FRA,2021,L,WC,lead,Women,24,Anne-Sophie,Koller,SUI,1996,49,8,31,31,17.3,18,39+,24,,
Chamonix,FRA,2021,L,WC,lead,Women,25,Lynn,van der Meer,NED,1999,48,12,35+,20,17.66,19,33+,25,,
Chamonix,FRA,2021,L,WC,lead,Women,26,Manon,Hily,FRA,1994,44+,21,37,17,22.25,22,9,26,,
Chamonix,FRA,2021,L,WC,lead,Women,27,Lucija,Tarkus,SLO,2003,44+,21,35,24,25.96,27,,,,
Chamonix,FRA,2021,L,WC,lead,Women,28,Heloïse,Doumont,BEL,1998,48,12,24+,46,26.93,28,,,,
Chamonix,FRA,2021,L,WC,lead,Women,29,Fanny,Gibert,FRA,1993,44+,21,34,27,27.5,29,,,,
Chamonix,FRA,2021,L,WC,lead,Women,30,Celine,Cuypers,BEL,1998,45,20,26+,43,29.5,30,,,,
Chamonix,FRA,2021,L,WC,lead,Women,31,Oriane,Bertone,FRA,2005,38+,40,35+,20,29.69,31,,,,
Chamonix,FRA,2021,L,WC,lead,Women,32,Andrea,Kümin,SUI,1997,44+,21,30+,33,30.8,32,,,,
Chamonix,FRA,2021,L,WC,lead,Women,33,Michaela,Smetanova,CZE,2003,42+,38,34+,26,31.43,33,,,,
Chamonix,FRA,2021,L,WC,lead,Women,34,Camilla,Moroni,ITA,2001,38+,40,35,24,31.69,34,,,,
Chamonix,FRA,2021,L,WC,lead,Women,35,Hannah,Meul,GER,2001,44+,21,30,37,32.11,35,,,,
Chamonix,FRA,2021,L,WC,lead,Women,36,Ignacia,Mellado Quinteros,CHI,2002,44+,21,27,42,33.99,36,,,,
Chamonix,FRA,2021,L,WC,lead,Women,37,Tjasa,Slemensek,SLO,1999,44+,21,24+,46,37.08,37,,,,
Chamonix,FRA,2021,L,WC,lead,Women,38,Roxana,Wienand,GER,2000,32+,45,31,31,37.65,38,,,,
Chamonix,FRA,2021,L,WC,lead,Women,39,Selma,ELHADJ MIMOUNE,FRA,2004,43+,36,28+,39,37.97,39,,,,
Chamonix,FRA,2021,L,WC,lead,Women,40,Franziska,Sterrer,AUT,1998,30,48,32+,29,38.02,40,,,,
Chamonix,FRA,2021,L,WC,lead,Women,41,Julia,Duffy,USA,2004,38+,40,28+,39,40.24,41,,,,
Chamonix,FRA,2021,L,WC,lead,Women,42,Mattea,Pötzi,AUT,2000,35,44,30,37,40.62,42,,,,
Chamonix,FRA,2021,L,WC,lead,Women,43,Lana,Skusek,SLO,2000,44,35,24+,46,41.83,43,,,,
Chamonix,FRA,2021,L,WC,lead,Women,44,Lucia,Dörffel,GER,2000,29,53,30+,33,42.96,44,,,,
Chamonix,FRA,2021,L,WC,lead,Women,45,Zoé,Egli,SUI,2002,28+,55,30+,33,43.95,45,,,,
Chamonix,FRA,2021,L,WC,lead,Women,46,Lucie,Watillon,BEL,2003,42,39,24+,46,44.16,46,,,,
Chamonix,FRA,2021,L,WC,lead,Women,47,Sunniva,Øvre-Eide,NOR,2004,43+,36,22+,58,46.01,47,,,,
Chamonix,FRA,2021,L,WC,lead,Women,48,Saula,Lerondel,FRA,2004,29,53,28,41,46.83,48,,,,
Chamonix,FRA,2021,L,WC,lead,Women,49,Iziar,Martínez Almendros,ESP,2005,29+,51,25,45,48.14,49,,,,
Chamonix,FRA,2021,L,WC,lead,Women,50,Valentina,Aguado,ARG,2001,31+,46,24+,46,48.22,50,,,,
Chamonix,FRA,2021,L,WC,lead,Women,50,Valeri,Kremer,ISR,1991,31+,46,24+,46,48.22,50,,,,
Chamonix,FRA,2021,L,WC,lead,Women,52,Käthe,Atkins,GER,2001,28+,55,26+,43,49.36,52,,,,
Chamonix,FRA,2021,L,WC,lead,Women,53,Tina Johnsen,Hafsaas,NOR,1994,36+,43,0,62,51.63,53,,,,
Chamonix,FRA,2021,L,WC,lead,Women,54,Edel,Lemvik,NOR,2004,28+,55,24+,46,52.92,54,,,,
Chamonix,FRA,2021,L,WC,lead,Women,55,Cloe,Coscoy,USA,2001,29+,51,24,55,53.46,55,,,,
Chamonix,FRA,2021,L,WC,lead,Women,56,Rut,Monsech Gasca,ESP,2002,30,48,22,59,54,56,,,,
Chamonix,FRA,2021,L,WC,lead,Women,56,Aida,Torres Illamola,ESP,2002,30,48,22,59,54,56,,,,
Chamonix,FRA,2021,L,WC,lead,Women,58,Alejandra,Contreras,CHI,2000,27+,59,24+,46,54.54,58,,,,
Chamonix,FRA,2021,L,WC,lead,Women,59,Naama,Yohai,ISR,2000,25+,61,24+,46,55.23,59,,,,
Chamonix,FRA,2021,L,WC,lead,Women,60,Maya,Madere,USA,1999,28,58,24,55,56.74,60,,,,
Chamonix,FRA,2021,L,WC,lead,Women,61,Eliska,Novotna,CZE,2001,25,62,23+,57,59.45,61,,,,
Chamonix,FRA,2021,L,WC,lead,Women,62,Federica,Papetti,ITA,2004,27+,59,19+,61,60.25,62,,,,
Chamonix,FRA,2021,L,WC,lead,Women,,Bianca,Magalhaes de Castro ,BRA,1988,DNS,,DNS,,DNS,,,,,
Koper,SLO,2022,L,WC,lead,Men,1,Luka,Potocar,SLO,2001,41+,2,27+,12,6.12,6,39+,3,30+,1
Koper,SLO,2022,L,WC,lead,Men,2,Sascha,Lehmann,SUI,1998,40+,4,TOP,1,2.24,2,37,4,30+,2
Koper,SLO,2022,L,WC,lead,Men,3,Yannick,Flohé,GER,1999,39+,7,28+,8,8.5,9,42+,2,29+,3
Koper,SLO,2022,L,WC,lead,Men,4,Ao,YURIKUSA,JPN,2002,TOP,1,33+,2,1.41,1,42+,1,25+,4
Koper,SLO,2022,L,WC,lead,Men,5,Alberto,Ginés López,ESP,2002,40+,4,32+,4,4.47,3,34+,6,25+,5
Koper,SLO,2022,L,WC,lead,Men,6,Taisei,Homma,JPN,1999,40+,4,29+,5,5.48,5,34,7,25+,6
Koper,SLO,2022,L,WC,lead,Men,7,Yoshiyuki,Ogata,JPN,1998,41+,2,27+,12,6.12,6,37,5,22+,7
Koper,SLO,2022,L,WC,lead,Men,8,Satone,YOSHIDA,JPN,2004,39+,7,29+,5,7.14,8,34,8,17+,8
Koper,SLO,2022,L,WC,lead,Men,9,Alexander,Megos,GER,1993,39+,7,33,3,5.05,4,33+,9,,
Koper,SLO,2022,L,WC,lead,Men,10,Hamish,McArthur,GBR,2002,39+,7,28,10,9.45,10,33+,10,,
Koper,SLO,2022,L,WC,lead,Men,11,Masahiro,Higuchi,JPN,1992,32+,15,29+,5,10.25,11,33+,11,,
Koper,SLO,2022,L,WC,lead,Men,12,Sebastian,Halenke,GER,1995,38+,11,26+,19,15.38,14,33+,12,,
Koper,SLO,2022,L,WC,lead,Men,13,Jules,Marchaland,FRA,2001,37+,12,28,10,11.46,12,32+,13,,
Koper,SLO,2022,L,WC,lead,Men,14,Marcello,Bombardi,ITA,1993,30+,23,26+,19,22.72,20,32+,14,,
Koper,SLO,2022,L,WC,lead,Men,15,Dohyun,LEE,KOR,2002,32+,15,28+,8,12.2,13,31+,15,,
Koper,SLO,2022,L,WC,lead,Men,16,James,Pope,GBR,1998,31+,21,24,27,25.18,25,30+,16,,
Koper,SLO,2022,L,WC,lead,Men,17,Nicolas,Collin,BEL,1998,36+,14,24,27,20.32,19,30,17,,
Koper,SLO,2022,L,WC,lead,Men,18,Martin,Bergant,SLO,1996,30+,23,26+,19,22.72,20,27+,18,,
Koper,SLO,2022,L,WC,lead,Men,19,Stefan,Scherz,AUT,2001,32+,15,22+,33,25.96,26,27+,19,,
Koper,SLO,2022,L,WC,lead,Men,20,Domen,Skofic,SLO,1994,32+,15,27+,12,16.2,15,26+,20,,
Koper,SLO,2022,L,WC,lead,Men,21,Martin,Stranik,CZE,1990,37+,12,24,27,19.2,17,24+,21,,
Koper,SLO,2022,L,WC,lead,Men,22,Louis,Gundolf,AUT,2001,31+,21,24+,26,23.64,23,23+,22,,
Koper,SLO,2022,L,WC,lead,Men,23,Filip,Schenk,ITA,2000,32+,15,26+,19,19.4,18,23,23,,
Koper,SLO,2022,L,WC,lead,Men,24,Oscar,Baudrand,CAN,2005,32+,15,24,27,22.72,20,22+,24,,
Koper,SLO,2022,L,WC,lead,Men,25,Zan,Lovenjak Sudar,SLO,1998,29+,28,26+,19,24.97,24,22+,25,,
Koper,SLO,2022,L,WC,lead,Men,26,Giovanni,Placci,ITA,2001,30+,23,27+,12,18.97,16,16,26,,
Koper,SLO,2022,L,WC,lead,Men,27,Milan,Preskar,SLO,1996,10+,48,27+,12,27.93,27,,,,
Koper,SLO,2022,L,WC,lead,Men,27,Hidemasa,Nishida,JPN,2002,10+,48,27+,12,27.93,27,,,,
Koper,SLO,2022,L,WC,lead,Men,27,Nathaniel,Coleman,USA,1997,10+,48,27+,12,27.93,27,,,,
Koper,SLO,2022,L,WC,lead,Men,30,Michael,Piccolruaz,ITA,1995,30,26,24,27,27.96,30,,,,
Koper,SLO,2022,L,WC,lead,Men,31,Gregor,Vezonik,SLO,1995,22+,35,26,25,30.41,31,,,,
Koper,SLO,2022,L,WC,lead,Men,32,Jesse,Grupper,USA,1997,19,45,26+,19,31.1,32,,,,
Koper,SLO,2022,L,WC,lead,Men,33,Johannes,Hofherr,AUT,2002,30,26,22+,33,31.94,33,,,,
Koper,SLO,2022,L,WC,lead,Men,34,Georg,Parma,AUT,1997,29+,28,22+,33,33.41,34,,,,
Koper,SLO,2022,L,WC,lead,Men,34,William,Ridal,GBR,1997,29+,28,22+,33,33.41,34,,,,
Koper,SLO,2022,L,WC,lead,Men,36,Simon,Potucek,CZE,2001,23+,31,22+,33,35.1,36,,,,
Koper,SLO,2022,L,WC,lead,Men,36,Anze,Peharc,SLO,1997,23+,31,22+,33,35.1,36,,,,
Koper,SLO,2022,L,WC,lead,Men,36,Mikel Asier,Linacisoro Molina,ESP,2000,23+,31,22+,33,35.1,36,,,,
Koper,SLO,2022,L,WC,lead,Men,39,Alex,Waterhouse,GBR,1997,23,34,22+,33,36.18,39,,,,
Koper,SLO,2022,L,WC,lead,Men,40,Matic,Kotar,SLO,1999,22+,35,22+,33,37.74,40,,,,
Koper,SLO,2022,L,WC,lead,Men,40,Samuel,Butterworth,GBR,2001,22+,35,22+,33,37.74,40,,,,
Koper,SLO,2022,L,WC,lead,Men,42,Mathias,Posch,AUT,1999,10+,48,24,27,39.17,42,,,,
Koper,SLO,2022,L,WC,lead,Men,43,Cheung-chi Shoji,Chan,HKG,1995,21,42,22+,33,40.45,43,,,,
Koper,SLO,2022,L,WC,lead,Men,44,Chi-fung,AU,HKG,1995,20+,44,22+,33,41.16,44,,,,
Koper,SLO,2022,L,WC,lead,Men,45,Diego,Fourbet,FRA,2002,22+,35,20+,48,43.01,45,,,,
Koper,SLO,2022,L,WC,lead,Men,46,Nino,Grünenfelder,SUI,2001,22,40,21,47,43.36,46,,,,
Koper,SLO,2022,L,WC,lead,Men,47,Victor,Baudrand,CAN,2003,21+,41,21+,46,43.43,47,,,,
Koper,SLO,2022,L,WC,lead,Men,48,Philipp,Martin,GER,1994,21,42,22,45,43.73,48,,,,
Koper,SLO,2022,L,WC,lead,Men,49,Benjamin,Hanna,USA,1998,22+,35,19+,53,44.28,49,,,,
Koper,SLO,2022,L,WC,lead,Men,50,Dimitri,Flick,SUI,1999,15,46,20+,48,47.96,50,,,,
Koper,SLO,2022,L,WC,lead,Men,51,Igor,Veselic,SRB,2003,12+,47,17,55,50.84,51,,,,
Koper,SLO,2022,L,WC,lead,Men,52,Till,von Bothmer,GER,2004,10+,48,20+,48,50.99,52,,,,
Koper,SLO,2022,L,WC,lead,Men,52,Santiago,De Alba Flores,MEX,1992,10+,48,20+,48,50.99,52,,,,
Koper,SLO,2022,L,WC,lead,Men,52,Stepan,Potucek,CZE,2001,10+,48,20+,48,50.99,52,,,,
Koper,SLO,2022,L,WC,lead,Men,55,Tomas,Plevko,SVK,1999,10+,48,18+,54,52.99,55,,,,
Koper,SLO,2022,L,WC,lead,Men,56,Arsène,Duval,FRA,1999,10+,48,14,56,53.96,56,,,,
Koper,SLO,2022,L,WC,lead,Women,1,Ai,Mori,JPN,2003,TOP,1,47,2,1.41,1,45+,2,30+,1
Koper,SLO,2022,L,WC,lead,Women,2,Janja,Garnbret,SLO,1999,34,3,TOP,1,1.87,2,TOP,1,27+,2
Koper,SLO,2022,L,WC,lead,Women,3,Brooke,Raboutou,USA,2001,31+,13,36+,7,10.91,10,32+,5,23+,3
Koper,SLO,2022,L,WC,lead,Women,4,Chaehyun,SEO,KOR,2003,34+,2,41+,3,2.45,3,34+,3,22,4
Koper,SLO,2022,L,WC,lead,Women,5,Jessica,Pilz,AUT,1996,32+,6,37+,5,6.32,6,32+,4,21+,5
Koper,SLO,2022,L,WC,lead,Women,6,Mia,Krampl,SLO,2000,34,3,36+,7,5.45,5,31+,6,21+,6
Koper,SLO,2022,L,WC,lead,Women,7,Natalia,Grossman,USA,2001,32,11,36+,7,9.89,8,31+,7,21+,7
Koper,SLO,2022,L,WC,lead,Women,8,Hélène,Janicot,FRA,1993,32+,6,26+,18,12.49,11,29,8,16+,8
Koper,SLO,2022,L,WC,lead,Women,9,Molly,Thompson-Smith,GBR,1997,30,17,37,6,10.68,9,28+,9,,
Koper,SLO,2022,L,WC,lead,Women,10,Vita,Lukan,SLO,2000,31+,13,26+,18,16.52,16,28+,10,,
Koper,SLO,2022,L,WC,lead,Women,11,Stasa,Gejo,SRB,1997,24+,34,29+,15,23.12,24,27+,11,,
Koper,SLO,2022,L,WC,lead,Women,12,Hannah,Meul,GER,2001,30,17,26+,18,19.25,20,27,12,,
Koper,SLO,2022,L,WC,lead,Women,13,Natsuki,Tanii,JPN,2003,32+,6,25+,22,13.86,12,26,13,,
Koper,SLO,2022,L,WC,lead,Women,14,Futaba,Ito,JPN,2002,31+,13,8+,41,24.82,26,25,14,,
Koper,SLO,2022,L,WC,lead,Women,15,Ryu,NAKAGAWA,JPN,2004,30,17,28,17,17.97,18,24+,15,,
Koper,SLO,2022,L,WC,lead,Women,16,Lucka,Rakovec,SLO,2001,32+,6,36+,7,8.25,7,24,16,,
Koper,SLO,2022,L,WC,lead,Women,17,Laura,Rogora,ITA,2001,32+,6,25+,22,13.86,12,20,17,,
Koper,SLO,2022,L,WC,lead,Women,18,Katja,Debevec,SLO,1995,25+,32,30+,13,20.95,21,20,18,,
Koper,SLO,2022,L,WC,lead,Women,19,Mattea,Pötzi,AUT,2000,26+,31,29+,15,21.92,23,19+,19,,
Koper,SLO,2022,L,WC,lead,Women,20,Lana,Skusek,SLO,2000,28+,24,25+,22,24.25,25,19+,20,,
Koper,SLO,2022,L,WC,lead,Women,21,Alannah,Yip,CAN,1993,28,26,30+,13,18.91,19,19,21,,
Koper,SLO,2022,L,WC,lead,Women,22,Manon,Hily,FRA,1994,33+,5,38+,4,4.47,4,17+,22,,
Koper,SLO,2022,L,WC,lead,Women,23,Eliska,Adamovska,CZE,2001,30,17,34+,11,14.46,14,17+,23,,
Koper,SLO,2022,L,WC,lead,Women,24,Rebeka,Kamin,SLO,1996,32,11,23,28,17.94,17,17,24,,
Koper,SLO,2022,L,WC,lead,Women,25,Lynn,van der Meer,NED,1999,29+,22,32+,12,16.43,15,16+,25,,
Koper,SLO,2022,L,WC,lead,Women,26,Camille,Pouget,FRA,2002,29+,22,26+,18,20.95,21,DNS,,,
Koper,SLO,2022,L,WC,lead,Women,27,Claudia,Ghisolfi,ITA,1996,28,26,25+,22,25.22,27,,,,
Koper,SLO,2022,L,WC,lead,Women,28,Kyra,Condie,USA,1996,28+,24,23+,27,25.72,28,,,,
Koper,SLO,2022,L,WC,lead,Women,29,Risa,Ota,JPN,1993,31,16,8+,41,26.53,29,,,,
Koper,SLO,2022,L,WC,lead,Women,30,Camilla,Moroni,ITA,2001,30,17,13+,38,27.22,30,,,,
Koper,SLO,2022,L,WC,lead,Women,31,Miu,KAKIZAKI,JPN,2003,23+,36,25+,22,29.6,31,,,,
Koper,SLO,2022,L,WC,lead,Women,32,Roxana,Wienand,GER,2000,25+,32,22,32,32.5,32,,,,
Koper,SLO,2022,L,WC,lead,Women,33,Sandra,Lettner,AUT,2001,27,28,20+,36,32.53,33,,,,
Koper,SLO,2022,L,WC,lead,Women,34,Valeri,Kremer,ISR,1991,23,38,22,32,35.14,34,,,,
Koper,SLO,2022,L,WC,lead,Women,35,Chloe,Caulier,BEL,1996,27,28,8+,41,35.72,35,,,,
Koper,SLO,2022,L,WC,lead,Women,35,Tjasa,Slemensek,SLO,1999,27,28,8+,41,35.72,35,,,,
Koper,SLO,2022,L,WC,lead,Women,37,Noa,Shiran,ISR,2001,21+,42,22+,29,36.12,37,,,,
Koper,SLO,2022,L,WC,lead,Women,37,Michelle,Hulliger,SUI,1999,21+,42,22+,29,36.12,37,,,,
Koper,SLO,2022,L,WC,lead,Women,39,Olivia,Ma,USA,2005,22+,39,21+,34,37.15,39,,,,
Koper,SLO,2022,L,WC,lead,Women,40,Anne-Sophie,Koller,SUI,1996,19+,47,22+,29,37.55,40,,,,
Koper,SLO,2022,L,WC,lead,Women,41,Käthe,Atkins,GER,2001,21+,42,21+,34,38.74,41,,,,
Koper,SLO,2022,L,WC,lead,Women,42,Quinn,Mason,USA,2003,21+,42,20+,36,39.85,42,,,,
Koper,SLO,2022,L,WC,lead,Women,43,Martina,Demmel,GER,2001,24+,34,6+,50,41.74,43,,,,
Koper,SLO,2022,L,WC,lead,Women,44,Ilaria,Scolaris,ITA,1998,22+,39,8+,41,41.95,44,,,,
Koper,SLO,2022,L,WC,lead,Women,45,Jennifer,Wood,GBR,1994,20+,46,13+,38,42.36,45,,,,
Koper,SLO,2022,L,WC,lead,Women,46,Julia,Fiser,AUT,1997,23+,36,6+,50,42.93,46,,,,
Koper,SLO,2022,L,WC,lead,Women,47,Thea,Cameron,GBR,2000,19,48,13+,38,43.49,47,,,,
Koper,SLO,2022,L,WC,lead,Women,48,Tereza,Siruckova,CZE,2003,22+,39,7,49,44.27,48,,,,
Koper,SLO,2022,L,WC,lead,Women,49,Joanna,Neame,GBR,1999,18+,50,8+,41,46.9,49,,,,
Koper,SLO,2022,L,WC,lead,Women,50,Milica,Marjanovic,SRB,2005,14+,51,8+,41,47.37,50,,,,
Koper,SLO,2022,L,WC,lead,Women,51,Bianca,Magalhaes de Castro ,BRA,1988,19,48,7+,48,48.25,51,,,,
Koper,SLO,2022,L,WC,lead,Women,,Rebecca,Frangos,CAN,1997,DNS,,DNS,,DNS,,,,,
Kranj,SLO,2021,L,WC,lead,Men,1,Masahiro,Higuchi,JPN,1992,29+,14,37+,8,12.96,16,41+,1,37,1
Kranj,SLO,2021,L,WC,lead,Men,2,Luka,Potocar,SLO,2001,18+,46,TOP,1,10.95,12,41,2,31+,2
Kranj,SLO,2021,L,WC,lead,Men,3,Sebastian,Halenke,GER,1995,29+,14,38,5,9.8,9,40+,3,31+,3
Kranj,SLO,2021,L,WC,lead,Men,4,Domen,Skofic,SLO,1994,TOP,1,TOP,1,3.71,1,29+,8,31+,4
Kranj,SLO,2021,L,WC,lead,Men,5,Fedir,Samoilov,UKR,1997,25+,25,37+,8,16.84,19,37+,5,30+,5
Kranj,SLO,2021,L,WC,lead,Men,6,Satone,YOSHIDA,JPN,2004,29+,14,37+,8,12.96,16,40+,4,16+,6
Kranj,SLO,2021,L,WC,lead,Men,7,Milan,Preskar,SLO,1996,TOP,1,35,19,10.49,10,34+,6,15+,7
Kranj,SLO,2021,L,WC,lead,Men,8,Ao,YURIKUSA,JPN,2002,TOP,1,38,5,5.74,3,33+,7,15+,8
Kranj,SLO,2021,L,WC,lead,Men,9,Martin,Bergant,SLO,1996,TOP,1,35,19,10.49,10,29+,9,,
Kranj,SLO,2021,L,WC,lead,Men,10,Martin,Stranik,CZE,1990,31+,11,37,14,12.41,15,29+,10,,
Kranj,SLO,2021,L,WC,lead,Men,11,Sam,Avezou,FRA,2001,28,20,36,16,18.17,22,29+,11,,
Kranj,SLO,2021,L,WC,lead,Men,12,Stefano,Ghisolfi,ITA,1993,TOP,1,38,5,5.74,3,29,12,,
Kranj,SLO,2021,L,WC,lead,Men,13,Mathias,Posch,AUT,1999,25+,25,TOP,1,8.22,6,28+,13,,
Kranj,SLO,2021,L,WC,lead,Men,14,Yannick,Flohé,GER,1999,30,12,37+,8,11.46,13,27+,14,,
Kranj,SLO,2021,L,WC,lead,Men,15,Sean,Bailey,USA,1996,TOP,1,36,16,9.53,8,26+,15,,
Kranj,SLO,2021,L,WC,lead,Men,16,Nao,Monchois,FRA,1998,25+,25,33+,24,25.72,24,26,16,,
Kranj,SLO,2021,L,WC,lead,Men,17,Jorg,Verhoeven,NED,1985,TOP,1,37+,8,7.6,5,25+,17,,
Kranj,SLO,2021,L,WC,lead,Men,18,Christoph,Hanke,GER,1994,29+,14,34+,22,18.76,23,25+,18,,
Kranj,SLO,2021,L,WC,lead,Men,19,William,Ridal,GBR,1997,TOP,1,32+,26,12.07,14,25,19,,
Kranj,SLO,2021,L,WC,lead,Men,20,Marcello,Bombardi,ITA,1993,29+,14,35+,18,16.97,21,25,20,,
Kranj,SLO,2021,L,WC,lead,Men,21,Giovanni,Placci,ITA,2001,23,34,35,19,26.65,26,25,21,,
Kranj,SLO,2021,L,WC,lead,Men,22,James,Pope,GBR,1998,30,12,34,23,16.96,20,24,22,,
Kranj,SLO,2021,L,WC,lead,Men,23,Zento,MURASHITA,JPN,2004,TOP,1,36+,15,9.08,7,23+,23,,
Kranj,SLO,2021,L,WC,lead,Men,24,Taito,Nakagami,JPN,1999,29,19,37+,8,14.12,18,23+,24,,
Kranj,SLO,2021,L,WC,lead,Men,25,Alberto,Gotta,ITA,1992,25+,25,33+,24,25.72,24,21+,25,,
Kranj,SLO,2021,L,WC,lead,Men,26,Sascha,Lehmann,SUI,1998,TOP,1,TOP,1,3.71,1,11+,26,,
Kranj,SLO,2021,L,WC,lead,Men,27,Georg,Parma,AUT,1997,26,23,31,31,26.99,27,,,,
Kranj,SLO,2021,L,WC,lead,Men,28,Anze,Peharc,SLO,1997,26+,22,28+,35,27.95,28,,,,
Kranj,SLO,2021,L,WC,lead,Men,29,Paul,Jenft,FRA,2003,26,23,30,33,28.06,29,,,,
Kranj,SLO,2021,L,WC,lead,Men,30,Leo,Avezou,FRA,1999,25,30,32+,26,28.2,30,,,,
Kranj,SLO,2021,L,WC,lead,Men,31,Andrej,Polak,SLO,2002,27,21,25+,41,29.7,31,,,,
Kranj,SLO,2021,L,WC,lead,Men,32,MINYOUNG,LEE,KOR,1999,24+,31,32,28,29.96,32,,,,
Kranj,SLO,2021,L,WC,lead,Men,33,Filip,Schenk,ITA,2000,23,34,30+,32,33.7,33,,,,
Kranj,SLO,2021,L,WC,lead,Men,34,William,Bosi,GBR,1998,22+,38,31+,30,33.99,34,,,,
Kranj,SLO,2021,L,WC,lead,Men,35,Mikel Asier,Linacisoro Molina,ESP,2000,24+,31,27+,37,34.6,35,,,,
Kranj,SLO,2021,L,WC,lead,Men,36,Dylan,Chuat,SUI,2000,25+,25,24+,45,35.05,36,,,,
Kranj,SLO,2021,L,WC,lead,Men,37,Campbell,Harrison,AUS,1997,20+,44,32,28,35.41,37,,,,
Kranj,SLO,2021,L,WC,lead,Men,38,Max,Kleesattel,GER,1998,21+,40,27+,37,39.23,38,,,,
Kranj,SLO,2021,L,WC,lead,Men,39,Mark,Brand,NED,1998,18+,46,30,33,40.1,39,,,,
Kranj,SLO,2021,L,WC,lead,Men,40,Isaac,Leff,USA,2004,23,34,24+,45,40.19,40,,,,
Kranj,SLO,2021,L,WC,lead,Men,41,Stefan,Scherz,AUT,2001,23+,33,21,50,40.62,41,,,,
Kranj,SLO,2021,L,WC,lead,Men,42,Leto,Cavé,NED,2002,18+,46,28+,35,41.28,42,,,,
Kranj,SLO,2021,L,WC,lead,Men,43,David,Barrans,GBR,1981,23,34,21+,49,41.71,43,,,,
Kranj,SLO,2021,L,WC,lead,Men,44,Kim,Marschner,GER,1998,21,42,25,44,43.24,44,,,,
Kranj,SLO,2021,L,WC,lead,Men,45,Gergő,Vályi ,HUN,2004,18+,46,27,40,43.82,45,,,,
Kranj,SLO,2021,L,WC,lead,Men,46,Timotej,Romšak,SLO,2004,21+,40,22,48,44.09,46,,,,
Kranj,SLO,2021,L,WC,lead,Men,47,Yuval,Shemla,ISR,1998,16+,52,27+,37,44.67,47,,,,
Kranj,SLO,2021,L,WC,lead,Men,48,Ziga,Zajc,SLO,2001,22+,38,20,55,46.02,48,,,,
Kranj,SLO,2021,L,WC,lead,Men,49,Charlie,Osborne,USA,2002,16+,52,25+,41,46.96,49,,,,
Kranj,SLO,2021,L,WC,lead,Men,50,Fabian,Förander,SWE,1998,21,42,20+,51,47.24,50,,,,
Kranj,SLO,2021,L,WC,lead,Men,51,Louis,Gundolf,AUT,2001,18+,46,23,47,47.5,51,,,,
Kranj,SLO,2021,L,WC,lead,Men,52,Cody,Stevenson,USA,2003,15+,54,25+,41,47.84,52,,,,
Kranj,SLO,2021,L,WC,lead,Men,53,Filip,Kurtović,CRO,2003,17,51,20+,51,51.74,53,,,,
Kranj,SLO,2021,L,WC,lead,Men,54,Giorgio,Tomatis,ITA,2003,19,45,0,61,52.39,54,,,,
Kranj,SLO,2021,L,WC,lead,Men,55,Nimród Sebestyén,Tusnády ,HUN,2004,15,56,20+,51,54.46,55,,,,
Kranj,SLO,2021,L,WC,lead,Men,56,Filippos,LAVRENTAKIS-RIGAKIS,GRE,2005,15+,54,17+,56,55.24,56,,,,
Kranj,SLO,2021,L,WC,lead,Men,57,Igor,Veselic,SRB,2003,13+,58,20+,51,55.42,57,,,,
Kranj,SLO,2021,L,WC,lead,Men,58,Ben,Abel,AUS,1998,15,56,15+,57,56.75,58,,,,
Kranj,SLO,2021,L,WC,lead,Men,59,Vaidotas,Monstavicius,LTU,1990,7,60,15,58,59.24,59,,,,
Kranj,SLO,2021,L,WC,lead,Men,60,Theofanis-Ermis,THEOCHAROPOULOS,GRE,2000,13+,58,7+,60,59.25,60,,,,
Kranj,SLO,2021,L,WC,lead,Men,61,Joshua,Bruyns,RSA,2003,7,60,14,59,59.75,61,,,,
Kranj,SLO,2021,L,WC,lead,Men,,Hritik,Marne,IND,2000,DNS,,DNS,,DNS,,,,,
Kranj,SLO,2021,L,WC,lead,Women,1,Janja,Garnbret,SLO,1999,TOP,1,43+,8,5.34,5,47+,1,49+,1
Kranj,SLO,2021,L,WC,lead,Women,2,Chaehyun,SEO,KOR,2003,TOP,1,TOP,1,3,1,36,6,46,2
Kranj,SLO,2021,L,WC,lead,Women,3,Natalia,Grossman,USA,2001,29+,10,TOP,1,6,7,37+,4,41+,3
Kranj,SLO,2021,L,WC,lead,Women,4,Laura,Rogora,ITA,2001,TOP,1,TOP,1,3,1,44+,2,39,4
Kranj,SLO,2021,L,WC,lead,Women,5,Vita,Lukan,SLO,2000,34+,6,43+,8,8.15,8,38+,3,39,5
Kranj,SLO,2021,L,WC,lead,Women,6,Lucka,Rakovec,SLO,2001,29,15,44,7,10.42,10,36+,5,34+,6
Kranj,SLO,2021,L,WC,lead,Women,7,Dinara,Fakhritdinova,RUS,1992,34+,6,TOP,1,4.58,4,35+,7,31+,7
Kranj,SLO,2021,L,WC,lead,Women,8,Natsuki,Tanii,JPN,2003,25+,18,36,28,24.17,25,34+,8,26,8
Kranj,SLO,2021,L,WC,lead,Women,9,Mia,Krampl,SLO,2000,TOP,1,43+,8,5.34,5,33+,9,,
Kranj,SLO,2021,L,WC,lead,Women,10,Lana,Skusek,SLO,2000,25+,18,42+,12,16.01,16,33+,10,,
Kranj,SLO,2021,L,WC,lead,Women,11,Molly,Thompson-Smith,GBR,1997,29+,10,43+,8,10.68,11,32,11,,
Kranj,SLO,2021,L,WC,lead,Women,12,Momoko,ABE,JPN,2003,34+,6,41+,15,10.25,9,31+,12,,
Kranj,SLO,2021,L,WC,lead,Women,13,Hannah,Meul,GER,2001,29+,10,42+,12,12.25,12,31+,13,,
Kranj,SLO,2021,L,WC,lead,Women,14,Jessica,Pilz,AUT,1996,33+,9,41,16,12.37,13,31+,14,,
Kranj,SLO,2021,L,WC,lead,Women,15,Ryu,NAKAGAWA,JPN,2004,29+,10,42,14,12.96,15,31+,15,,
Kranj,SLO,2021,L,WC,lead,Women,16,Nolwenn,Arc,FRA,2000,25+,18,41,16,18.67,18,31+,16,,
Kranj,SLO,2021,L,WC,lead,Women,17,Tomona,TAKAO,JPN,2004,25+,18,41,16,18.67,18,30,17,,
Kranj,SLO,2021,L,WC,lead,Women,18,Anne-Sophie,Koller,SUI,1996,23+,28,38+,23,26.15,26,29+,18,,
Kranj,SLO,2021,L,WC,lead,Women,19,Michelle,Hulliger,SUI,1999,29+,10,30+,39,21.77,23,27,19,,
Kranj,SLO,2021,L,WC,lead,Women,20,Roxana,Wienand,GER,2000,24,25,39+,20,23.09,24,27,20,,
Kranj,SLO,2021,L,WC,lead,Women,21,Mei,Kotake,JPN,1997,TOP,1,TOP,1,3,1,20+,21,,
Kranj,SLO,2021,L,WC,lead,Women,22,Salomé,Romain,FRA,1996,24,25,44+,6,12.49,14,20+,22,,
Kranj,SLO,2021,L,WC,lead,Women,23,Sara,Copar,SLO,2005,29,15,39,22,18.47,17,20+,23,,
Kranj,SLO,2021,L,WC,lead,Women,24,Julia,Fiser,AUT,1997,25+,18,40+,19,19.74,20,20+,24,,
Kranj,SLO,2021,L,WC,lead,Women,25,Lucija,Tarkus,SLO,2003,27+,17,38+,23,20.2,21,20+,25,,
Kranj,SLO,2021,L,WC,lead,Women,26,Camille,Pouget,FRA,2002,25+,18,39+,20,20.5,22,20+,26,,
Kranj,SLO,2021,L,WC,lead,Women,27,Tjasa,Slemensek,SLO,1999,24,25,37+,26,26.25,27,,,,
Kranj,SLO,2021,L,WC,lead,Women,28,Manon,Hily,FRA,1994,22+,31,38+,23,27.71,28,,,,
Kranj,SLO,2021,L,WC,lead,Women,29,Valeri,Kremer,ISR,1991,22+,31,37+,26,29.12,29,,,,
Kranj,SLO,2021,L,WC,lead,Women,30,Liza,Novak,SLO,2004,23,30,34+,31,31.22,30,,,,
Kranj,SLO,2021,L,WC,lead,Women,31,Katja,Debevec,SLO,1995,22+,31,34+,31,32.25,31,,,,
Kranj,SLO,2021,L,WC,lead,Women,32,Julia,Duffy,USA,2004,23+,28,33+,36,32.47,32,,,,
Kranj,SLO,2021,L,WC,lead,Women,33,Valentina,Aguado,ARG,2001,24+,24,28,44,32.5,33,,,,
Kranj,SLO,2021,L,WC,lead,Women,34,Martina,Demmel,GER,2001,20+,38,36,28,33.12,34,,,,
Kranj,SLO,2021,L,WC,lead,Women,35,Celine,Cuypers,BEL,1998,20+,38,35+,30,33.99,35,,,,
Kranj,SLO,2021,L,WC,lead,Women,36,Giorgia,Tesio,ITA,2000,21,35,34+,31,34.21,36,,,,
Kranj,SLO,2021,L,WC,lead,Women,37,Käthe,Atkins,GER,2001,21,35,34,35,35.5,37,,,,
Kranj,SLO,2021,L,WC,lead,Women,38,Eva Maria,Hammelmüller,AUT,2000,20,40,34+,31,36.28,38,,,,
Kranj,SLO,2021,L,WC,lead,Women,39,Chloe,Caulier,BEL,1996,21+,34,30,41,37.56,39,,,,
Kranj,SLO,2021,L,WC,lead,Women,40,Kylie,Cullen,USA,2004,21,35,30,41,38.65,40,,,,
Kranj,SLO,2021,L,WC,lead,Women,41,Quinn,Mason,USA,2003,20,40,33+,36,38.71,41,,,,
Kranj,SLO,2021,L,WC,lead,Women,42,Luisa,Flohé,GER,2001,19+,42,33+,36,39.42,42,,,,
Kranj,SLO,2021,L,WC,lead,Women,43,Noa,Shiran,ISR,2001,14+,45,30+,39,42.16,43,,,,
Kranj,SLO,2021,L,WC,lead,Women,44,Ashley,Fisher,USA,2002,16+,43,29,43,43,44,,,,
Kranj,SLO,2021,L,WC,lead,Women,45,Athanasia,LIOUNI,GRE,2002,15,44,23+,45,44.5,45,,,,
